agency_id,agency_name,lab_name,state,region,lab_type,level_gov_code,requests_2019,requests_2020,backlog_total,employees_ft_2019,employees_pt_2019,employees_ft_2020,employees_pt_2020,proficiency_testing,competency_testing,accredited,drugs_new,drugs_completed,drugs_pending,drugs_backlog,tox_new,tox_completed,tox_pending,tox_backlog,trace_new,trace_completed,trace_pending,trace_backlog,impressions_new,impressions_completed,impressions_pending,impressions_backlog,firearms_new,firearms_completed,firearms_pending,firearms_backlog,digital_new,digital_completed,digital_pending,digital_backlog,latent_prints_new,latent_prints_completed,latent_prints_pending,latent_prints_backlog,documents_new,documents_completed,documents_pending,documents_backlog,crime_scene_new,crime_scene_completed,dna_new,dna_completed,dna_pending,dna_backlog
AK03001,Alaska Department of Public Safety,Scientific Crime Detection Laboratory,AK,West,State,3.0,,6675.0,561.0,38.0,0.0,42.0,4.0,Yes,Yes,Yes,1886.0,1734.0,68.0,3.0,702.0,567.0,22.0,8.0,,,,,80.0,49.0,25.0,36.0,186.0,177.0,57.0,28.0,,,,,994.0,902.0,281.0,117.0,,,,,24.0,24.0,1188.0,1158.0,218.0,571.0
AL03005,Alabama Department of Forensic Sciences,Headquarters Laboratory (CJ Rehling Laboratories),AL,South,State,3.0,55000.0,52000.0,41000.0,214.0,0.0,214.0,0.0,Yes,Yes,Yes,37599.0,40500.0,37000.0,36000.0,4885.0,4727.0,1200.0,800.0,220.0,241.0,67.0,55.0,,,,,1156.0,1278.0,474.0,370.0,,,,,,,,,,,,,,,3323.0,3630.0,1100.0,1000.0
AR03016,Arkansas State Crime Laboratory,Lowell Regional Lab,AR,South,State,3.0,27438.0,36929.0,,136.0,0.0,133.0,0.0,Yes,Yes,Yes,19804.0,20878.0,5239.0,0.0,4928.0,4543.0,825.0,0.0,285.0,299.0,30.0,0.0,,,,,964.0,522.0,1453.0,0.0,193.0,111.0,107.0,0.0,1190.0,958.0,250.0,0.0,,,,,,,1760.0,1181.0,2065.0,0.0
AZ01016,Chandler Police Department,Chandler Police Laboratory,AZ,West,City,1.0,7574.0,6597.0,426.0,19.0,1.0,20.0,0.0,Yes,No,Yes,973.0,692.0,315.0,246.0,785.0,783.0,20.0,2.0,,,,,,,,,,,,,,,,,1240.0,1047.0,300.0,178.0,,,,,3593.0,3593.0,,,,
AZ01017,Mesa Police Department,Forensic Services,AZ,West,City,1.0,21126.0,20756.0,1601.0,78.0,0.0,73.0,0.0,Yes,Yes,Yes,3266.0,2664.0,602.0,60.0,4813.0,5073.0,500.0,200.0,,,,,4.0,3.0,1.0,1.0,81.0,49.0,32.0,20.0,,,,,2848.0,2789.0,59.0,0.0,,,,,6578.0,6675.0,1416.0,1359.0,57.0,20.0
AZ01018,Phoenix Police Department,Laboratory Services Bureau,AZ,West,City,1.0,34338.0,30181.0,22524.0,144.0,0.0,144.0,0.0,Yes,Yes,Yes,6428.0,6494.0,4024.0,3850.0,4262.0,4333.0,253.0,141.0,286.0,202.0,307.0,290.0,4.0,6.0,10.0,10.0,352.0,353.0,423.0,406.0,,,,,5149.0,4839.0,4818.0,4657.0,,,,,5214.0,5153.0,5124.0,2813.0,13655.0,13124.0
AZ01019,Scottsdale Police Department,Forensic Services Division,AZ,West,City,1.0,6033.0,5332.0,308.0,34.0,0.0,42.0,0.0,Yes,Yes,Yes,1305.0,1262.0,43.0,0.0,750.0,750.0,0.0,0.0,,,,,3.0,3.0,0.0,0.0,,,,,152.0,69.0,83.0,83.0,434.0,253.0,181.0,181.0,,,,,1730.0,1726.0,321.0,190.0,131.0,131.0
AZ01020,Tucson Police Department,Crime Laboratory,AZ,West,City,1.0,4266.0,4527.0,3571.0,36.0,0.0,35.0,0.0,Yes,Yes,Yes,212.0,188.0,121.0,110.0,1495.0,1487.0,59.0,0.0,28.0,28.0,21.0,18.0,,,,,193.0,298.0,56.0,42.0,345.0,459.0,187.0,175.0,795.0,1366.0,765.0,623.0,,,,,,,1268.0,1788.0,2721.0,2603.0
AZ03021,Arizona Department of Public Safety,Central Regional Laboratory,AZ,West,State,3.0,30067.0,29432.0,3164.0,155.0,3.0,152.0,3.0,Yes,Yes,Yes,11754.0,11359.0,1644.0,865.0,16837.0,16524.0,2595.0,1292.0,31.0,30.0,4.0,2.0,,,,,447.0,410.0,75.0,35.0,,,,,1918.0,1890.0,205.0,59.0,53.0,54.0,4.0,0.0,31.0,31.0,4176.0,3770.0,1086.0,780.0
CA01035,El Cajon City Police Department,Crime Laboratory,CA,West,City,1.0,433.0,289.0,62.0,4.0,0.0,4.0,0.0,Yes,Yes,Yes,,,,,,,,,,,,,1.0,1.0,0.0,0.0,,,,,,,,,198.0,142.0,56.0,56.0,,,,,90.0,82.0,,,,
CA01037,Huntington Beach Police Department,Scientific Investigation,CA,West,City,1.0,,,,4.0,2.0,4.0,3.0,No,No,,,,,,,,,,,,,,,,,,,,,,,,,,,,,,,,,,,,,,,
CA01039,Long Beach Police Department,Crime Laboratory,CA,West,City,1.0,4218.0,4149.0,300.0,16.0,0.0,15.0,0.0,Yes,Yes,Yes,1008.0,956.0,0.0,0.0,325.0,366.0,0.0,0.0,,,,,,,,,1002.0,1347.0,255.0,200.0,,,,,1032.0,1565.0,100.0,80.0,,,,,782.0,782.0,,,,
CA01041,Los Angeles Police Department,Forensic Science Division,CA,West,City,1.0,21578.0,22338.0,609.0,210.0,0.0,210.0,0.0,Yes,Yes,Yes,5898.0,5721.0,297.0,83.0,4722.0,4498.0,323.0,106.0,197.0,211.0,5.0,2.0,1.0,3.0,0.0,0.0,8195.0,8116.0,364.0,95.0,,,,,,,,,47.0,59.0,0.0,0.0,291.0,288.0,2987.0,3070.0,518.0,323.0
CA01046,San Diego Police Department,Forensic Science Center,CA,West,City,1.0,10887.0,9899.0,,74.0,0.0,68.0,0.0,Yes,Yes,Yes,3582.0,3582.0,0.0,0.0,864.0,864.0,0.0,0.0,78.0,49.0,27.0,26.0,,,,,386.0,294.0,45.0,34.0,197.0,191.0,0.0,0.0,851.0,869.0,0.0,0.0,9.0,10.0,0.0,0.0,1088.0,962.0,1797.0,1247.0,608.0,472.0
CA01048,San Francisco Police Department,Criminalistics Laboratory,CA,West,County,2.0,2125.0,2340.0,212.0,35.0,0.0,35.0,0.0,Yes,Yes,Yes,,,,,,,,,42.0,37.0,42.0,38.0,3.0,1.0,2.0,2.0,1058.0,1065.0,241.0,171.0,,,,,,,,,,,,,,,1237.0,1228.0,52.0,1.0
CA01050,Santa Ana Police Department,Crime Laboratory,CA,West,City,1.0,7000.0,,,12.0,4.0,15.0,3.0,No,No,No,,,,,,,,,,,,,,,,,,,,,,,,,,,,,,,,,0.0,2309.0,,,,
CA01431,Bakersfield Police Department,Crime Laboratory,CA,West,City,1.0,5360.0,3475.0,,9.0,0.0,9.0,0.0,Yes,No,No,,,,,,,,,,,,,,,,,204.0,204.0,0.0,0.0,1985.0,1985.0,0.0,0.0,734.0,734.0,0.0,0.0,,,,,263.0,263.0,,,,
CA02028,Alameda County Sheriff's Office,Criminalistics Laboratory,CA,West,County,2.0,3473.0,2976.0,160.0,27.0,1.0,22.0,4.0,Yes,Yes,Yes,1517.0,1496.0,17.0,0.0,,,,,,,,,0.0,0.0,0.0,0.0,843.0,813.0,51.0,6.0,156.0,149.0,12.0,4.0,126.0,117.0,9.0,0.0,,,,,36.0,33.0,298.0,320.0,84.0,67.0
CA02031,Contra Costa County Office of the Sheriff,Forensic Services Division,CA,West,County,2.0,9583.0,8261.0,203.0,43.0,0.0,42.0,0.0,Yes,Yes,Yes,742.0,742.0,0.0,0.0,1684.0,1693.0,125.0,75.0,,,,,2.0,2.0,0.0,0.0,1846.0,1822.0,22.0,0.0,19.0,19.0,0.0,0.0,1082.0,1085.0,7.0,0.0,,,,,99.0,97.0,1323.0,1303.0,159.0,67.0
CA02032,County of Los Angeles Department of Coroner,Forensic Science Laboratory,CA,West,County,2.0,36673.0,48340.0,,26.0,1.0,26.0,1.0,Yes,Yes,Yes,34.0,34.0,0.0,0.0,47890.0,47890.0,0.0,0.0,175.0,175.0,0.0,0.0,,,,,11.0,11.0,0.0,0.0,,,,,,,,,,,,,86.0,86.0,17.0,17.0,0.0,0.0
CA02033,LAPD Technical Investigation Division,Technical Investigation Division,CA,West,City,1.0,18886.0,14538.0,4345.0,162.0,0.0,126.0,0.0,Yes,Yes,No,,,,,,,,,,,,,,,,,,,,,1639.0,1639.0,0.0,0.0,9958.0,6952.0,3006.0,3006.0,,,,,,,,,,
CA02036,Fresno County Sheriff's Department,Forensic Laboratory,CA,West,County,2.0,2662.0,3040.0,25.0,10.0,1.0,11.0,0.0,Yes,Yes,Yes,2966.0,2966.0,0.0,0.0,,,,,,,,,,,,,15.0,10.0,11.0,11.0,,,,,,,,,,,,,,,59.0,65.0,14.0,14.0
CA02038,Kern County District Attorney's Office,Forensic Science Division,CA,West,County,2.0,7224.0,6267.0,514.0,32.0,1.0,29.0,0.0,Yes,Yes,Yes,902.0,1084.0,280.0,280.0,4093.0,4066.0,27.0,27.0,2.0,2.0,0.0,0.0,0.0,0.0,0.0,0.0,479.0,484.0,134.0,134.0,,,,,1.0,0.0,1.0,1.0,,,,,34.0,29.0,721.0,672.0,96.0,80.0
CA02040,Los Angeles County Sheriff's Department,Scientific Services Bureau,CA,West,County,2.0,59200.0,55600.0,7400.0,280.0,3.0,260.0,2.0,Yes,Yes,Yes,33618.0,31715.0,5938.0,5764.0,11059.0,15691.0,2257.0,543.0,2138.0,392.0,113.0,72.0,5.0,5.0,0.0,0.0,575.0,494.0,185.0,185.0,,,,,2300.0,2242.0,90.0,13.0,28.0,28.0,5.0,2.0,4200.0,4200.0,3358.0,3220.0,800.0,520.0
CA02043,Orange County Sheriff Coroner's Department,Orange County Crime Laboratory,CA,West,County,2.0,51123.0,48227.0,,148.0,1.0,144.0,0.0,Yes,Yes,Yes,16513.0,9967.0,6885.0,5674.0,10518.0,12166.0,1353.0,653.0,215.0,157.0,30.0,30.0,44.0,130.0,110.0,81.0,2903.0,1284.0,1243.0,1122.0,,,,,1865.0,1928.0,166.0,77.0,,,,,3422.0,2656.0,12283.0,7334.0,2128.0,1831.0
CA02044,Sacramento County District Attorney's Office,Laboratory of Forensic Services,CA,West,County,2.0,15547.0,12531.0,2265.0,38.0,0.0,38.0,0.0,Yes,Yes,Yes,3671.0,2862.0,0.0,1062.0,7098.0,6824.0,0.0,788.0,149.0,130.0,0.0,175.0,3.0,2.0,0.0,4.0,121.0,115.0,0.0,92.0,,,,,,,,,,,,,,,1056.0,1079.0,0.0,193.0
CA02045,San Bernardino County Sheriff's Office,Scientific Investigations Division,CA,West,County,2.0,,,,68.0,1.0,65.0,1.0,Yes,Yes,Yes,10000.0,9184.0,1562.0,0.0,4400.0,4188.0,204.0,0.0,250.0,238.0,29.0,0.0,,,,,600.0,200.0,372.0,0.0,,,,,300.0,268.0,20.0,0.0,,,,,332.0,332.0,2000.0,1505.0,594.0,0.0
CA02047,San Diego Sheriff's Department,Crime Laboratory,CA,West,County,2.0,23343.0,20935.0,1746.0,76.0,0.0,72.0,2.0,Yes,Yes,Yes,2279.0,2160.0,665.0,556.0,4671.0,7897.0,197.0,0.0,76.0,65.0,13.0,13.0,4.0,4.0,2.0,1.0,473.0,279.0,122.0,309.0,,,,,1062.0,943.0,369.0,329.0,119.0,84.0,47.0,36.0,75.0,94.0,3102.0,1808.0,695.0,580.0
CA02049,San Mateo County Sheriff's,Forensic Laboratory,CA,West,County,2.0,7096.0,5744.0,1538.0,23.0,2.0,25.0,3.0,Yes,Yes,Yes,2434.0,2259.0,589.0,478.0,1099.0,855.0,84.0,1.0,,,,,,,,,484.0,455.0,135.0,101.0,,,,,498.0,467.0,21.0,21.0,,,,,116.0,61.0,1113.0,664.0,1016.0,935.0
CA02054,Ventura County Sheriff's Department,Forensic Services Bureau,CA,West,County,2.0,12700.0,11391.0,3375.0,66.0,5.0,68.0,4.0,Yes,Yes,Yes,4783.0,3239.0,2393.0,2100.0,4474.0,4175.0,271.0,250.0,,,,,13.0,2.0,6.0,6.0,674.0,551.0,127.0,122.0,,,,,676.0,540.0,57.0,55.0,,,,,229.0,152.0,534.0,165.0,455.0,433.0
CA03042,Oakland Police Department Crime Laboratory,Criminalistics Laboratory,CA,West,City,1.0,2686.0,3003.0,2808.0,32.0,0.0,28.0,0.0,Yes,Yes,Yes,141.0,141.0,0.0,0.0,,,,,,,,,,,,,1985.0,1481.0,1885.0,1885.0,,,,,346.0,318.0,451.0,451.0,,,,,1.0,1.0,548.0,545.0,472.0,355.0
CA03055,California Department of Justice Bureau of Forensic Science,Jan Bashinski Laboratory,CA,West,State,3.0,107895.0,88439.0,66786.0,94.0,8.0,93.0,7.0,Yes,Yes,Yes,,,,,,,,,,,,,,,,,,,,,,,,,,,,,,,,,,,1994.0,2032.0,624.0,491.0
CA03056,California Department of Justice Bureau of Forensic Science,Central Valley Crime Laboratory,CA,West,State,3.0,17303.0,16257.0,129.0,38.0,0.0,37.0,0.0,Yes,Yes,Yes,7535.0,7493.0,71.0,0.0,2472.0,2449.0,57.0,0.0,140.0,116.0,26.0,3.0,9.0,7.0,3.0,2.0,185.0,156.0,63.0,43.0,,,,,,,,,,,,,39.0,47.0,986.0,1012.0,143.0,81.0
CA03057,California Department of Justice Bureau of Forensic Science,Chico Crime Laboratory,CA,West,State,3.0,326.0,447.0,20.0,7.0,1.0,6.0,0.0,Yes,Yes,Yes,226.0,225.0,2.0,0.0,,,,,6.0,6.0,0.0,0.0,0.0,0.0,0.0,0.0,75.0,73.0,16.0,14.0,,,,,,,,,,,,,35.0,34.0,105.0,124.0,24.0,20.0
CA03059,California Department of Justice Bureau of Forensic Science,Eureka Crime Laboratory,CA,West,State,3.0,1972.0,1459.0,50.0,6.0,2.0,6.0,2.0,Yes,Yes,Yes,434.0,460.0,60.0,33.0,957.0,962.0,27.0,0.0,3.0,9.0,2.0,2.0,,,,,31.0,31.0,8.0,7.0,,,,,,,,,,,,,13.0,13.0,,,,
CA03060,California Department of Justice Bureau of Forensic Science,Freedom Crime Laboratory,CA,West,State,3.0,3908.0,2972.0,439.0,11.0,1.0,11.0,1.0,Yes,Yes,Yes,1248.0,1177.0,235.0,121.0,1540.0,1491.0,101.0,0.0,,,,,,,,,35.0,47.0,29.0,28.0,,,,,,,,,,,,,17.0,17.0,131.0,89.0,71.0,64.0
CA03061,California Department of Justice Bureau of Forensic Science,Fresno Regional Laboratory,CA,West,State,3.0,6425.0,5779.0,500.0,35.0,2.0,34.0,2.0,Yes,Yes,Yes,2965.0,3337.0,512.0,100.0,961.0,966.0,22.0,0.0,,,,,,,,,167.0,107.0,146.0,100.0,36.0,32.0,12.0,4.0,629.0,568.0,150.0,60.0,,,,,50.0,50.0,971.0,865.0,389.0,250.0
CA03063,California Department of Justice Bureau of Forensic Science,Redding Regional Laboratory,CA,West,State,3.0,2196.0,1830.0,70.0,19.0,2.0,19.0,2.0,Yes,Yes,Yes,369.0,407.0,13.0,0.0,874.0,854.0,42.0,2.0,10.0,6.0,1.0,1.0,0.0,2.0,1.0,1.0,4.0,2.0,4.0,4.0,,,,,62.0,74.0,38.0,7.0,,,,,12.0,13.0,50.0,76.0,28.0,3.0
CA03065,California Department of Justice Bureau of Forensic Science,"Sacramento BFS Laboratory, Criminalistics Section",CA,West,State,3.0,5055.0,5075.0,2195.0,36.0,1.0,34.0,1.0,Yes,Yes,Yes,2074.0,1330.0,1164.0,1000.0,1612.0,1760.0,113.0,0.0,4.0,1.0,6.0,6.0,0.0,0.0,0.0,0.0,56.0,21.0,66.0,60.0,19.0,16.0,11.0,10.0,603.0,501.0,426.0,400.0,2.0,2.0,0.0,0.0,51.0,43.0,656.0,760.0,348.0,300.0
CA03067,California Department of Justice Bureau of Forensic Science,Sacramento Toxicology Laboratory,CA,West,State,3.0,6156.0,5181.0,3934.0,12.0,0.0,13.0,0.0,Yes,Yes,Yes,,,,,5286.0,4399.0,3934.0,3934.0,,,,,,,,,,,,,,,,,,,,,,,,,,,,,,
CA03068,California Department of Justice Bureau of Forensic Science,Santa Barbara DOJ Laboratory,CA,West,State,3.0,1585.0,1951.0,426.0,13.0,1.0,13.0,1.0,Yes,Yes,Yes,760.0,764.0,60.0,57.0,866.0,911.0,21.0,5.0,,,,,,,,,21.0,20.0,43.0,43.0,,,,,,,,,,,,,11.0,11.0,289.0,345.0,111.0,93.0
CA03069,California Department of Justice Bureau of Forensic Science,"Bureau of Forensic Services, Santa Rosa Crime Laboratory",CA,West,State,3.0,4166.0,3185.0,204.0,10.0,2.0,12.0,2.0,Yes,Yes,Yes,1155.0,1382.0,212.0,139.0,1921.0,1947.0,46.0,3.0,,,,,,,,,14.0,18.0,25.0,25.0,,,,,,,,,,,,,4.0,2.0,91.0,80.0,46.0,37.0
CA04029,Bureau of Alcohol Tobacco Firearms & Explosives,San Francisco Lab Center,CA,West,Federal,4.0,469.0,127.0,62.0,11.0,0.0,11.0,0.0,Yes,No,Yes,,,,,,,,,8.0,4.0,3.0,2.0,,,,,29.0,17.0,49.0,26.0,,,,,31.0,26.0,54.0,32.0,,,,,0.0,0.0,,,,
CA04033,Drug Enforcement Administration,Southwest Laboratory,CA,West,Federal,4.0,10001.0,10224.0,5262.0,58.0,0.0,52.0,0.0,Yes,Yes,Yes,9701.0,7299.0,4713.0,4555.0,,,,,,,,,,,,,,,,,,,,,523.0,205.0,549.0,549.0,,,,,,,,,,
CA04034,Drug Enforcement Administration,Western Laboratory,CA,West,Federal,4.0,7343.0,7586.0,6800.0,27.0,0.0,35.0,0.0,Yes,Yes,Yes,6550.0,3476.0,6500.0,5800.0,,,,,,,,,,,,,,,,,,,,,1036.0,651.0,1200.0,1000.0,,,,,0.0,0.0,,,,
CA04052,US Customs & Border Protection,Los Angeles Laboratory,CA,West,Federal,4.0,971.0,2503.0,,26.0,0.0,25.0,1.0,Yes,Yes,Yes,2370.0,1896.0,474.0,80.0,,,,,0.0,0.0,0.0,0.0,,,,,,,,,,,,,224.0,186.0,38.0,25.0,,,,,,,,,,
CA04053,US Customs & Border Protection,San Francisco Laboratory,CA,West,Federal,4.0,1400.0,1440.0,,25.0,1.0,25.0,0.0,Yes,Yes,Yes,450.0,450.0,84.0,50.0,,,,,,,,,,,,,,,,,6.0,6.0,0.0,0.0,30.0,30.0,2.0,1.0,,,,,,,,,,
CA05463,University of California,University of California Davis Veterinary Genetics Laboratory Forensics Section,CA,West,State,3.0,71.0,57.0,2.0,4.0,0.0,4.0,0.0,Yes,Yes,Yes,,,,,,,,,,,,,,,,,,,,,,,,,,,,,,,,,,,57.0,61.0,3.0,2.0
CA09025,California Department of Fish & Game,Wildlife Forensic Laboratory,CA,West,State,3.0,100.0,115.0,,4.0,4.0,4.0,4.0,Yes,No,No,,,,,,,,,,,,,,,,,,,,,,,,,,,,,,,,,,,115.0,110.0,5.0,0.0
CA09464,Glendale Police Department,Verdugo Regional Crime Laboratory,CA,West,City,1.0,782.0,894.0,,11.0,3.0,12.0,3.0,Yes,Yes,Yes,,,,,,,,,,,,,,,,,90.0,83.0,89.0,1.0,99.0,57.0,37.0,37.0,121.0,119.0,7.0,4.0,,,,,189.0,189.0,395.0,488.0,462.0,436.0
CA09534,Solano County District Attorney's Office,Bureau of Forensic Sciences,CA,West,County,2.0,3260.0,2768.0,6.0,7.0,0.0,7.0,0.0,Yes,Yes,Yes,1079.0,1104.0,17.0,0.0,1689.0,1747.0,56.0,6.0,,,,,,,,,,,,,,,,,,,,,,,,,,,,,,
CO01073,Denver Police Department,Crime Laboratory,CO,West,County,2.0,21682.0,19052.0,622.0,68.0,0.0,68.0,0.0,Yes,Yes,Yes,4159.0,4150.0,37.0,24.0,567.0,623.0,27.0,10.0,197.0,207.0,6.0,3.0,1903.0,1968.0,46.0,2.0,264.0,211.0,12.0,9.0,3138.0,3155.0,19.0,10.0,1895.0,1991.0,46.0,2.0,,,,,3232.0,3232.0,2240.0,2153.0,143.0,68.0
CO01078,Unified Metropolitan Forensic Crime Laboratory, ,CO,West,County,2.0,1273.0,1016.0,210.0,23.0,4.0,23.0,4.0,Yes,Yes,Yes,379.0,445.0,42.0,42.0,,,,,,,,,,,,,2.0,11.0,0.0,0.0,,,,,193.0,147.0,60.0,60.0,21.0,18.0,9.0,9.0,,,414.0,282.0,132.0,90.0
CO03078,Colorado Department of Public Safety Colorado Bureau of Investigation,CBI Headquarters,CO,West,State,3.0,53222.0,41029.0,3907.0,100.0,0.0,95.0,0.0,Yes,Yes,Yes,2958.0,4009.0,245.0,108.0,9406.0,9822.0,1010.0,365.0,140.0,198.0,53.0,41.0,13.0,13.0,4.0,4.0,242.0,561.0,201.0,188.0,,,,,1593.0,1985.0,846.0,787.0,,,,,,,2534.0,3659.0,1247.0,924.0
CO04438,U.S. Environmental Protection Agency,National Enforcement Investigations Center,CO,West,Federal,4.0,39.0,71.0,21.0,59.0,1.0,59.0,1.0,Yes,Yes,Yes,,,,,,,,,71.0,49.0,22.0,21.0,,,,,,,,,,,,,,,,,,,,,,,,,,
CO05072,Colorado Springs Metro Police Department,Crime Laboratory,CO,West,City,1.0,3053.0,3666.0,263.0,17.0,3.0,17.0,2.0,Yes,Yes,Yes,347.0,384.0,50.0,26.0,,,,,6.0,4.0,1.0,1.0,4.0,4.0,1.0,1.0,1063.0,991.0,129.0,68.0,,,,,1596.0,1534.0,204.0,84.0,,,,,258.0,272.0,392.0,356.0,115.0,79.0
CO05075,Fort Collins Police Department. Greeley Police Department. Larimer County Sheriff Loveland Police Department. Weld County Sheriff,Northern Colorado Regional Forensic Laboratory,CO,West,County,2.0,1468.0,1480.0,,18.0,3.0,16.0,3.0,Yes,Yes,Yes,895.0,1295.0,83.0,0.0,,,,,,,,,14.0,5.0,0.0,0.0,112.0,228.0,35.0,0.0,135.0,163.0,19.0,0.0,568.0,548.0,168.0,0.0,,,,,,,688.0,542.0,257.0,0.0
CO09468,Jefferson County Regl Crime Laboratory,Jefferson County Regional Crime Laboratory,CO,West,County,2.0,2344.0,2913.0,208.0,15.0,0.0,15.0,0.0,Yes,Yes,Yes,268.0,269.0,19.0,5.0,,,,,,,,,,,,,423.0,438.0,66.0,50.0,,,,,1014.0,985.0,85.0,28.0,,,,,,,1208.0,1037.0,275.0,125.0
CT01082,Waterbury Police Department, ,CT,Northeast,City,1.0,12.0,25.0,0.0,7.0,0.0,6.0,0.0,No,No,No,,,,,,,,,,,,,,,,,80.0,80.0,0.0,0.0,76.0,76.0,0.0,0.0,,,,,,,,,1121.0,1121.0,,,,
CT03084,Connecticut Department of Public Safety,Forensic Science Laboratory,CT,Northeast,State,3.0,19137.0,17161.0,607.0,95.0,1.0,95.0,1.0,Yes,Yes,Yes,207.0,240.0,6.0,0.0,2277.0,2760.0,76.0,14.0,186.0,200.0,14.0,0.0,15.0,17.0,7.0,5.0,2265.0,1840.0,545.0,107.0,435.0,618.0,65.0,33.0,614.0,558.0,545.0,50.0,15.0,25.0,2.0,1.0,,,11333.0,12569.0,964.0,60.0
DC04088,DHS - Bureau of Customs & Border Protection,Laboratories & Scientific Services,DC,South,Federal,4.0,18000.0,22000.0,,298.0,0.0,298.0,0.0,Yes,Yes,Yes,7690.0,7520.0,170.0,921.0,,,,,,,,,,,,,,,,,147.0,146.0,1.0,55.0,2369.0,2307.0,62.0,731.0,,,,,4.0,4.0,,,,
DC04089,Department of Veterans Affairs Office of Inspector General,Cyber Investigations and Technical Operations Division (CITOD),DC,South,Federal,4.0,100.0,120.0,,11.0,0.0,13.0,0.0,Yes,Yes,No,,,,,,,,,,,,,,,,,,,,,120.0,110.0,10.0,5.0,,,,,,,,,,,,,,
DC04090,US Secret Service,Forensic Services Division,DC,South,Federal,4.0,370.0,232.0,90.0,38.0,0.0,27.0,0.0,Yes,Yes,Yes,,,,,,,,,,,,,,,,,,,,,,,,,203.0,154.0,50.0,40.0,25.0,37.0,6.0,4.0,,,,,,
DE03091,Delaware Division of Forensic Science,Delaware Division of Forensic Science,DE,South,State,3.0,5292.0,4604.0,90.0,55.0,6.0,53.0,9.0,Yes,Yes,Yes,1233.0,1223.0,79.0,5.0,1967.0,1956.0,249.0,65.0,24.0,19.0,5.0,5.0,,,,,,,,,,,,,,,,,,,,,,,513.0,545.0,63.0,10.0
DE03092,Delaware State Police,Crime Laboratory,DE,South,State,3.0,1700.0,1600.0,0.0,4.0,0.0,4.0,0.0,Yes,Yes,No,,,,,1677.0,1591.0,0.0,0.0,10.0,10.0,1591.0,0.0,,,,,,,,,,,,,,,,,,,,,,,,,,
FL02093,Broward County Sheriff's Office,Crime Laboratory,FL,South,County,2.0,15995.0,12862.0,6865.0,56.0,0.0,56.0,0.0,Yes,Yes,Yes,3872.0,2651.0,230.0,0.0,,,,,,,,,,,,,3424.0,2015.0,813.0,695.0,,,,,2368.0,2481.0,593.0,200.0,,,,,,,1994.0,2608.0,5229.0,2000.0
FL02095,St. Lucie Co. Sheriff's Office,Indian River Crime Laboratory,FL,South,County,2.0,2369.0,1956.0,1476.0,12.0,1.0,11.0,1.0,Yes,Yes,Yes,1073.0,740.0,726.0,632.0,,,,,15.0,14.0,4.0,1.0,0.0,3.0,4.0,4.0,347.0,305.0,287.0,264.0,,,,,,,,,,,,,,,521.0,689.0,594.0,571.0
FL02097,Miami-Dade Police Department,Forensic Services Bureau,FL,South,County,2.0,14923.0,13739.0,2357.0,120.0,0.0,103.0,0.0,Yes,Yes,Yes,7101.0,4872.0,45.0,0.0,,,,,27.0,27.0,0.0,0.0,0.0,0.0,0.0,0.0,3608.0,3664.0,21.0,2.0,,,,,1552.0,806.0,2014.0,1868.0,,,,,,,1451.0,1667.0,617.0,483.0
FL02098,Palm Beach County Sheriff's Office,Palm Beach County Crime Laboratory,FL,South,County,2.0,6341.0,5210.0,516.0,90.0,2.0,83.0,2.0,Yes,Yes,Yes,1541.0,1882.0,15.0,15.0,389.0,393.0,2.0,2.0,,,,,,,,,387.0,709.0,85.0,85.0,,,,,1203.0,1499.0,76.0,76.0,,,,,660.0,554.0,1030.0,1562.0,76.0,76.0
FL02099,Pinellas County,Forensic Laboratory,FL,South,County,2.0,11586.0,10104.0,734.0,32.0,1.0,32.0,1.0,Yes,Yes,Yes,5496.0,5544.0,333.0,34.0,2326.0,2263.0,74.0,36.0,46.0,46.0,3.0,3.0,,,,,,,,,,,,,,,,,,,,,,,2236.0,2203.0,189.0,48.0
FL02100,Sarasota County Sheriff's Office,Crime Laboratory,FL,South,County,2.0,3173.0,2658.0,150.0,2.0,0.0,3.0,0.0,Yes,Yes,No,2658.0,2658.0,150.0,50.0,,,,,,,,,,,,,,,,,,,,,,,,,,,,,,,,,,
FL02101,Seminole County Sheriff's Office,Seminole County Sheriff's Office Forensic Laboratory Services,FL,South,County,2.0,3192.0,2628.0,300.0,19.0,1.0,19.0,1.0,Yes,Yes,Yes,,,,,,,,,,,,,5.0,5.0,0.0,0.0,,,,,,,,,1362.0,1383.0,360.0,256.0,,,,,244.0,244.0,,,,
FL03102,Division of State Fire Marshal,Fire & Arson Laboratory,FL,South,State,3.0,8687.0,6959.0,0.0,7.0,1.0,7.0,1.0,Yes,Yes,Yes,,,,,,,,,4734.0,4734.0,0.0,0.0,,,,,,,,,2225.0,2225.0,0.0,0.0,,,,,,,,,,,,,,
FL03109,Florida Department of Law Enforcement,Forensic Services,FL,South,State,3.0,144914.0,138567.0,6195.0,446.0,4.0,377.0,2.0,Yes,Yes,Yes,29488.0,29278.0,2311.0,311.0,4525.0,4180.0,1113.0,720.0,105.0,98.0,100.0,91.0,97.0,94.0,19.0,12.0,10481.0,9124.0,2293.0,1696.0,465.0,471.0,139.0,126.0,6073.0,5773.0,720.0,554.0,128.0,137.0,10.0,3.0,250.0,251.0,11550.0,11695.0,2604.0,2360.0
FL04094,Drug Enforcement Administration,Southeast Laboratory,FL,South,Federal,4.0,9496.0,8584.0,12167.0,51.0,0.0,44.0,0.0,Yes,Yes,Yes,8584.0,4563.0,12167.0,12167.0,,,,,,,,,,,,,,,,,,,,,,,,,,,,,,,,,,
FL09604,Manatee County Sheriff's Office,Chemistry Unit,FL,South,County,2.0,579.0,528.0,10.0,2.0,0.0,2.0,0.0,Yes,Yes,Yes,528.0,528.0,0.0,0.0,,,,,,,,,,,,,,,,,,,,,,,,,,,,,,,,,,
FL11536,City of Tallahassee Police Department,Tallahassee Police Technical Operations Unit,FL,South,City,1.0,1062.0,781.0,,10.0,0.0,10.0,0.0,Yes,Yes,No,,,,,,,,,,,,,,,,,,,,,,,,,29.0,3.0,3.0,3.0,,,,,465.0,465.0,,,,
GA03113,Georgia Bureau of Investigation,Central Regional Laboratory,GA,South,State,3.0,3948.0,3788.0,1760.0,8.0,0.0,8.0,0.0,Yes,Yes,Yes,3788.0,4204.0,2003.0,1198.0,,,,,,,,,,,,,,,,,,,,,,,,,,,,,,,,,,
GA03114,Georgia Bureau of Investigation,Coastal Regional Laboratory,GA,South,State,3.0,7130.0,7572.0,1175.0,18.0,0.0,24.0,0.0,Yes,Yes,Yes,4422.0,5020.0,850.0,499.0,189.0,239.0,50.0,0.0,49.0,33.0,17.0,13.0,,,,,344.0,153.0,348.0,320.0,,,,,,,,,,,,,,,1459.0,1673.0,400.0,279.0
GA03115,Georgia Bureau of Investigation,Eastern Regional Laboratory,GA,South,State,3.0,6533.0,6187.0,100.0,10.0,0.0,11.0,0.0,Yes,Yes,Yes,,,,,6643.0,6643.0,105.0,105.0,,,,,,,,,,,,,,,,,,,,,,,,,,,,,,
GA03116,Georgia Bureau of Investigation,Headquarters Laboratory,GA,South,State,3.0,119850.0,103818.0,25027.0,247.0,0.0,247.0,0.0,Yes,Yes,Yes,33627.0,35519.0,18050.0,15597.0,31679.0,31590.0,3060.0,598.0,1202.0,1089.0,643.0,556.0,25.0,18.0,28.0,23.0,3266.0,2680.0,1710.0,1509.0,,,,,1855.0,2890.0,153.0,73.0,,,,,,,8233.0,7806.0,6923.0,6300.0
GA03117,Georgia Bureau of Investigation,Northeastern Regional Laboratory,GA,South,State,3.0,44664.0,21807.0,2381.0,12.0,0.0,13.0,0.0,Yes,Yes,Yes,3755.0,3246.0,2778.0,2377.0,,,,,,,,,,,,,,,,,,,,,,,,,,,,,,,,,,
GA03119,Georgia Bureau of Investigation,Southwestern Regional Laboratory,GA,South,State,3.0,3950.0,3760.0,,13.0,0.0,13.0,0.0,Yes,Yes,Yes,2609.0,2079.0,1355.0,0.0,,,,,,,,,,,,,,,,,,,,,,,,,,,,,,,980.0,681.0,424.0,0.0
GA03120,Georgia Bureau of Investigation,Western Regional Laboratory,GA,South,State,3.0,3467.0,3497.0,1815.0,9.0,0.0,9.0,0.0,Yes,Yes,Yes,2555.0,1414.0,1469.0,1324.0,,,,,172.0,174.0,22.0,9.0,,,,,781.0,607.0,513.0,483.0,,,,,,,,,,,,,,,,,,
GA04110,Bureau of Alcohol Tobacco Firearms & Explosives,Forensic Science Laboratory-Atlanta,GA,South,Federal,4.0,474.0,341.0,51.0,17.0,0.0,23.0,0.0,Yes,Yes,Yes,,,,,,,,,183.0,177.0,31.0,13.0,1.0,1.0,1.0,1.0,36.0,38.0,58.0,19.0,,,,,105.0,157.0,42.0,15.0,16.0,9.0,7.0,3.0,,,,,,
GA04112,US Customs & Border Protection,Savannah Laboratory,GA,South,Federal,4.0,13800.0,9970.0,,41.0,0.0,41.0,0.0,Yes,Yes,Yes,9970.0,10220.0,0.0,0.0,,,,,,,,,,,,,,,,,2.0,2.0,0.0,0.0,133.0,127.0,6.0,6.0,,,,,,,,,,
GA09474,Valdosta Lowndes Regl Crime Laboratory,Valdosta Lowndes Regional Crime Laboratory,GA,South,City,1.0,1710.0,1801.0,0.0,11.0,0.0,11.0,0.0,Yes,Yes,Yes,1008.0,975.0,33.0,0.0,31.0,22.0,9.0,0.0,,,,,,,,,87.0,87.0,0.0,0.0,,,,,503.0,503.0,0.0,0.0,,,,,172.0,172.0,,,,
GU07001,Guam Police Department,Crime Laboratory,GU,Other,State,3.0,3218.0,2804.0,755.0,30.0,0.0,28.0,0.0,Yes,Yes,,774.0,132.0,654.0,649.0,,,,,,,,,,,,,31.0,11.0,20.0,20.0,,,,,188.0,175.0,13.0,13.0,,,,,1701.0,1701.0,110.0,37.0,73.0,73.0
HI02121,Hawai'i Police Department,Crime Laboratory,HI,West,County,2.0,693.0,860.0,0.0,3.0,0.0,3.0,0.0,Yes,Yes,Yes,732.0,728.0,3.0,0.0,,,,,,,,,,,,,6.0,6.0,0.0,0.0,,,,,105.0,105.0,0.0,0.0,,,,,,,,,,
HI05122,Honolulu Police Department,Scientific Investigation Section,HI,West,County,2.0,6133.0,5142.0,1585.0,54.0,0.0,54.0,0.0,Yes,Yes,Yes,1507.0,1415.0,53.0,20.0,,,,,119.0,102.0,4.0,4.0,4.0,1.0,1.0,1.0,292.0,278.0,36.0,31.0,,,,,163.0,144.0,199.0,199.0,8.0,3.0,1.0,0.0,1407.0,1545.0,816.0,762.0,136.0,109.0
IA03124,Iowa Division of Criminal Investigation,Criminalistics Laboratory,IA,Midwest,State,3.0,19136.0,22731.0,1478.0,56.0,2.0,60.0,2.0,Yes,Yes,Yes,7584.0,8277.0,996.0,467.0,6507.0,6966.0,424.0,87.0,196.0,196.0,5.0,1.0,18.0,19.0,2.0,1.0,1149.0,1142.0,375.0,283.0,,,,,1169.0,1229.0,115.0,57.0,15.0,15.0,21.0,19.0,20.0,17.0,1637.0,1839.0,280.0,148.0
ID01240,Nampa Police Department Crime Lab,Crime Lab,ID,West,City,1.0,727.0,705.0,39.0,6.0,0.0,6.0,0.0,Yes,Yes,No,19.0,19.0,1.0,0.0,,,,,,,,,,,,,,,,,,,,,228.0,108.0,64.0,60.0,,,,,451.0,451.0,2.0,2.0,1.0,0.0
ID02125,Ada County Sheriff's Office,Ada County Sheriff's Crime Laboratory,ID,West,County,2.0,802.0,890.0,3.0,6.0,0.0,4.0,4.0,Yes,No,Yes,333.0,333.0,10.0,0.0,,,,,,,,,30.0,30.0,3.0,3.0,171.0,171.0,0.0,0.0,,,,,218.0,218.0,10.0,0.0,,,,,129.0,129.0,9.0,9.0,0.0,0.0
ID03126,Idaho State Police,ISP Forensic Service - Coeur D'Alene Laboratory,ID,West,State,3.0,2934.0,3401.0,11.0,10.0,0.0,10.0,0.0,Yes,Yes,Yes,2501.0,2494.0,38.0,3.0,426.0,399.0,10.0,0.0,14.0,14.0,1.0,0.0,,,,,104.0,88.0,18.0,8.0,,,,,,,,,,,,,2.0,2.0,,,,
ID03127,Idaho State Police,ISP Forensic Service - Meridian Laboratory,ID,West,State,3.0,7581.0,7035.0,636.0,25.0,0.0,30.0,0.0,Yes,Yes,Yes,4069.0,4053.0,74.0,0.0,,,,,,,,,,,,,,,,,,,,,909.0,777.0,190.0,155.0,,,,,,,1093.0,929.0,596.0,525.0
ID03128,Idaho State Police,ISP Forensic Service,ID,West,State,3.0,4666.0,4535.0,10.0,9.0,0.0,9.0,0.0,Yes,Yes,Yes,2809.0,2844.0,83.0,0.0,1515.0,1243.0,98.0,10.0,,,,,,,,,,,,,,,,,,,,,,,,,3.0,3.0,,,,
IL02131,DuPage County Sheriff's Office,DuPage County Forensic Science Center,IL,Midwest,County,2.0,2518.0,2775.0,69.0,10.0,2.0,11.0,2.0,Yes,No,Yes,1067.0,983.0,107.0,13.0,,,,,,,,,,,,,,,,,,,,,353.0,353.0,14.0,1.0,,,,,,,1332.0,1266.0,127.0,35.0
IL03137,Illinois State Police,Rockford Forensic Science Laboratory,IL,Midwest,State,3.0,5203.0,2847.0,892.0,22.0,0.0,22.0,0.0,Yes,Yes,Yes,1416.0,813.0,603.0,467.0,,,,,,,,,,,,,445.0,349.0,96.0,52.0,,,,,758.0,706.0,52.0,27.0,,,,,163.0,125.0,111.0,88.0,23.0,14.0
IL03138,Illinois State Police,Forensic Science Center at Chicago,IL,Midwest,State,3.0,31905.0,24666.0,9008.0,143.0,0.0,143.0,0.0,Yes,Yes,Yes,12279.0,12901.0,1418.0,813.0,1654.0,2056.0,302.0,143.0,696.0,1099.0,778.0,703.0,12.0,19.0,2.0,0.0,1787.0,1657.0,231.0,152.0,,,,,1398.0,1467.0,129.0,85.0,,,,,,,6145.0,6362.0,1840.0,1352.0
IL03139,Illinois State Police,Joliet Forensic Science Laboratory,IL,Midwest,State,3.0,9661.0,8842.0,1247.0,44.0,0.0,44.0,0.0,Yes,Yes,Yes,3536.0,4648.0,845.0,568.0,,,,,,,,,3.0,5.0,0.0,0.0,1693.0,1352.0,232.0,107.0,,,,,732.0,594.0,83.0,15.0,,,,,,,2471.0,3271.0,723.0,555.0
IL03140,Illinois State Police,Metro-East Forensic Science Laboratory,IL,Midwest,State,3.0,8989.0,8528.0,1497.0,31.0,0.0,17.0,0.0,Yes,Yes,Yes,4526.0,4004.0,1389.0,1074.0,,,,,114.0,164.0,14.0,7.0,15.0,5.0,7.0,5.0,1507.0,1277.0,218.0,127.0,,,,,602.0,496.0,66.0,35.0,,,,,,,1433.0,1822.0,315.0,249.0
IL03141,Illinois State Police,Morton Forensic Science Center,IL,Midwest,State,3.0,5134.0,4404.0,865.0,14.0,0.0,16.0,0.0,Yes,Yes,Yes,3000.0,1140.0,865.0,638.0,,,,,,,,,,,,,300.0,298.0,65.0,49.0,,,,,293.0,189.0,64.0,40.0,,,,,,,49.0,31.0,0.0,0.0
IL03144,Illinois State Police,Springfield Forensic Science Laboratory,IL,Midwest,State,3.0,11921.0,11160.0,1871.0,56.0,0.0,56.0,0.0,Yes,Yes,Yes,4409.0,5082.0,1242.0,855.0,1979.0,2178.0,234.0,31.0,,,,,18.0,20.0,2.0,1.0,1145.0,938.0,169.0,78.0,,,,,894.0,1126.0,104.0,57.0,,,,,,,2585.0,3212.0,1049.0,716.0
IL04130,Drug Enforcement Administration,North Central Laboratory,IL,Midwest,Federal,4.0,8649.0,9748.0,,47.0,0.0,46.0,0.0,Yes,Yes,Yes,9748.0,4725.0,0.0,0.0,,,,,,,,,,,,,,,,,,,,,0.0,238.0,0.0,0.0,,,,,,,,,,
IL04134,US Customs & Border Protection,Chicago Laboratory,IL,Midwest,Federal,4.0,2101.0,1857.0,,33.0,0.0,33.0,0.0,Yes,Yes,Yes,1528.0,1575.0,0.0,0.0,,,,,,,,,,,,,,,,,72.0,57.0,11.0,11.0,106.0,156.0,2.0,2.0,,,,,,,,,,
IL05133,Northeastern Illinois Regl Crime Laboratory,Northeastern Illinois Regional Crime Laboratory,IL,Midwest,City,1.0,5973.0,5926.0,,12.0,4.0,11.0,4.0,Yes,No,Yes,2012.0,1983.0,66.0,0.0,394.0,395.0,9.0,0.0,,,,,6.0,6.0,0.0,0.0,1033.0,926.0,196.0,96.0,,,,,1378.0,1265.0,175.0,50.0,,,,,,,1109.0,1216.0,93.0,60.0
IN02148,Indianapolis-Marion County Forensic Services Agency,Indianapolis-Marion County Forensic Services Agency,IN,Midwest,County,2.0,13851.0,12801.0,1321.0,69.0,3.0,56.0,3.0,Yes,Yes,Yes,2581.0,2588.0,14.0,0.0,2141.0,1425.0,593.0,689.0,2294.0,1469.0,962.0,775.0,,,,,4634.0,4179.0,454.0,260.0,,,,,608.0,557.0,81.0,43.0,30.0,28.0,6.0,4.0,1032.0,931.0,973.0,1003.0,153.0,109.0
IN03151,Indiana State Police,Indianapolis Regional Laboratory,IN,Midwest,State,3.0,24517.0,24048.0,8501.0,180.0,0.0,180.0,0.0,Yes,Yes,Yes,14739.0,8121.0,7282.0,5348.0,,,,,183.0,185.0,21.0,7.0,22.0,31.0,1.0,1.0,3818.0,3188.0,1157.0,870.0,,,,,859.0,832.0,170.0,104.0,35.0,36.0,13.0,10.0,1388.0,1388.0,4392.0,4284.0,857.0,498.0
IN03153,Indiana State Department of Toxicology, ,IN,Midwest,State,3.0,17225.0,18007.0,263.0,21.0,0.0,21.0,0.0,Yes,Yes,Yes,,,,,18007.0,18123.0,1275.0,263.0,,,,,,,,,,,,,,,,,,,,,,,,,,,,,,
KS02153,Johnson County Sheriff,Criminalistics Laboratory,KS,Midwest,County,2.0,4407.0,5822.0,2100.0,41.0,4.0,42.0,4.0,Yes,Yes,Yes,1825.0,1678.0,228.0,93.0,658.0,379.0,209.0,178.0,73.0,78.0,21.0,19.0,9.0,8.0,29.0,29.0,592.0,578.0,58.0,45.0,86.0,76.0,28.0,18.0,1076.0,693.0,548.0,457.0,,,,,243.0,258.0,1260.0,1161.0,1374.0,1253.0
KS02154,Sedgwick County,Regional Forensic Science Center,KS,Midwest,County,2.0,3903.0,3825.0,443.0,23.0,0.0,20.0,1.0,Yes,Yes,Yes,1688.0,2354.0,48.0,0.0,1200.0,1045.0,419.0,303.0,,,,,,,,,75.0,61.0,4.0,1.0,,,,,,,,,,,,,,,273.0,215.0,161.0,142.0
KS03999,Kansas Bureau of Investigation,Central Reporter (Created for Analysis),KS,Midwest,State,3.0,28099.0,26019.0,5426.0,197.0,8.0,106.0,7.0,Yes,Yes,Yes,8508.0,7774.0,1552.0,1552.0,3492.0,3061.0,736.0,736.0,241.0,222.0,24.0,24.0,,,,,444.0,348.0,125.0,125.0,125.0,124.0,42.0,42.0,1099.0,802.0,475.0,475.0,,,,,,,3982.0,3422.0,1032.0,1032.0
KY03159,Kentucky State Police,Central Forensic Laboratory,KY,South,State,3.0,31870.0,25204.0,4782.0,89.0,0.0,89.0,0.0,Yes,Yes,Yes,4744.0,4991.0,368.0,95.0,8083.0,8860.0,2416.0,1871.0,422.0,364.0,294.0,268.0,3.0,1.0,2.0,2.0,183.0,129.0,159.0,146.0,,,,,1167.0,1020.0,1037.0,991.0,,,,,,,1743.0,2305.0,1599.0,1409.0
KY03160,Kentucky State Police,Eastern Regional Laboratory,KY,South,State,3.0,3770.0,3697.0,318.0,12.0,0.0,12.0,0.0,Yes,Yes,Yes,2615.0,2853.0,407.0,227.0,721.0,726.0,48.0,13.0,,,,,2.0,2.0,0.0,0.0,121.0,78.0,83.0,76.0,,,,,,,,,,,,,,,,,,
KY03161,Kentucky State Police,Jefferson Regional Laboratory,KY,South,State,3.0,7533.0,6594.0,732.0,14.0,0.0,16.0,0.0,Yes,Yes,Yes,5314.0,5488.0,693.0,464.0,765.0,745.0,71.0,28.0,,,,,,,,,143.0,140.0,149.0,142.0,,,,,,,,,,,,,,,372.0,341.0,134.0,98.0
KY03162,Kentucky State Police,Northern Regional Laboratory,KY,South,State,3.0,3842.0,2950.0,600.0,14.0,0.0,14.0,0.0,Yes,Yes,Yes,2213.0,2334.0,680.0,470.0,623.0,670.0,43.0,11.0,,,,,,,,,,,,,,,,,,,,,,,,,,,114.0,127.0,124.0,119.0
KY03163,Kentucky State Police,Southeastern Regional Laboratory,KY,South,State,3.0,5044.0,4571.0,320.0,11.0,0.0,11.0,0.0,Yes,Yes,Yes,3708.0,3732.0,544.0,296.0,863.0,939.0,65.0,24.0,,,,,,,,,,,,,,,,,,,,,,,,,,,,,,
KY03164,Kentucky State Police,Western Regional Forensic Laboratory,KY,South,State,3.0,7459.0,5877.0,837.0,12.0,0.0,11.0,0.0,Yes,Yes,Yes,4315.0,4027.0,834.0,661.0,1313.0,1334.0,190.0,106.0,,,,,,,,,,,,,,,,,,,,,,,,,,,249.0,289.0,86.0,70.0
LA02166,Jefferson Parish Sheriff's Office,Crime Laboratory,LA,South,County,2.0,5824.0,5622.0,300.0,20.0,1.0,20.0,1.0,Yes,Yes,Yes,2405.0,2115.0,290.0,200.0,,,,,24.0,24.0,0.0,0.0,,,,,2298.0,2276.0,22.0,10.0,,,,,871.0,862.0,9.0,3.0,,,,,2.0,2.0,,,,
LA02172,Southwest Louisiana Crime Laboratory,Southwest Louisiana Crime Laboratory,LA,South,County,2.0,6506.0,5288.0,3508.0,12.0,0.0,10.0,0.0,Yes,No,Yes,4500.0,2900.0,4000.0,3500.0,150.0,150.0,0.0,0.0,,,,,,,,,,,,,,,,,300.0,700.0,8.0,8.0,,,,,,,300.0,300.0,0.0,0.0
LA02173,St. Tammany Parish Coroner's Office,Coroner Forensic Science Center,LA,South,County,2.0,206.0,233.0,168.0,8.0,0.0,8.0,0.0,Yes,Yes,Yes,,,,,,,,,,,,,,,,,,,,,,,,,,,,,,,,,,,230.0,244.0,132.0,114.0
LA02174,St. Tammany Parish Sheriff's Office Crime Laboratory,St. Tammany Parish Sheriff's Office Crime Laboratory,LA,South,County,2.0,2614.0,2643.0,,19.0,0.0,19.0,0.0,Yes,Yes,Yes,2000.0,1500.0,500.0,450.0,,,,,,,,,,,,,,,,,240.0,230.0,0.0,0.0,80.0,70.0,0.0,0.0,,,,,316.0,316.0,,,,
LA03174,Louisiana Department of Public Safety/ Louisiana State Police,Crime Laboratory,LA,South,State,3.0,22594.0,17757.0,3225.0,117.0,16.0,120.0,10.0,Yes,Yes,Yes,7590.0,7307.0,839.0,382.0,4145.0,4107.0,437.0,223.0,114.0,109.0,9.0,2.0,9.0,12.0,1.0,1.0,2244.0,2409.0,227.0,100.0,,,,,704.0,971.0,363.0,314.0,,,,,76.0,75.0,2875.0,1875.0,2164.0,1947.0
LA05165,Acadiana Criminalistics Laboratory,Crime Laboratory,LA,South,County,2.0,5938.0,5718.0,7646.0,23.0,1.0,20.0,0.0,Yes,Yes,Yes,4215.0,3284.0,4086.0,4000.0,5.0,5.0,1.0,1.0,3.0,1.0,11.0,11.0,0.0,0.0,1.0,1.0,961.0,119.0,2180.0,2000.0,,,,,,,,,,,,,,,529.0,659.0,1340.0,1300.0
LA05170,North Louisiana Criminalistics,Laboratory - Shreveport,LA,South,County,2.0,13000.0,10500.0,400.0,34.0,2.0,32.0,4.0,Yes,Yes,Yes,11905.0,10852.0,1053.0,550.0,311.0,283.0,28.0,8.0,105.0,101.0,4.0,4.0,,,,,365.0,135.0,230.0,220.0,,,,,30.0,26.0,4.0,2.0,,,,,,,760.0,377.0,383.0,269.0
MA01175,Boston Police Department,Crime Laboratory Unit,MA,Northeast,City,1.0,2610.0,2705.0,188.0,44.0,0.0,42.0,0.0,Yes,Yes,Yes,,,,,,,,,95.0,74.0,21.0,12.0,6.0,6.0,0.0,0.0,1262.0,517.0,722.0,352.0,,,,,978.0,822.0,151.0,125.0,,,,,,,1084.0,1175.0,161.0,161.0
MA02177,University of Mass Medical School,Drugs of Abuse Laboratory,MA,Northeast,State,3.0,4418.0,2974.0,140.0,5.0,0.0,5.0,0.0,Yes,No,Yes,2974.0,3063.0,140.0,1.0,,,,,,,,,,,,,,,,,,,,,,,,,,,,,,,,,,
MA03188,Massachusetts State Police,Central Laboratory at Maynard,MA,Northeast,State,3.0,38079.0,38623.0,21814.0,250.0,2.0,280.0,3.0,Yes,Yes,Yes,10342.0,5001.0,19575.0,18773.0,7378.0,7280.0,732.0,150.0,500.0,322.0,348.0,315.0,,,,,2457.0,2077.0,1084.0,851.0,,,,,2623.0,2084.0,620.0,430.0,,,,,8095.0,7963.0,5524.0,3971.0,2433.0,1581.0
MD01194,Baltimore City Police Department,Crime Laboratory,MD,South,City,1.0,30175.0,28696.0,4000.0,150.0,0.0,145.0,0.0,Yes,Yes,Yes,7500.0,2500.0,0.0,0.0,,,,,0.0,0.0,0.0,0.0,0.0,0.0,0.0,0.0,5000.0,2300.0,200.0,200.0,,,,,1825.0,2500.0,1400.0,1400.0,0.0,0.0,0.0,0.0,12300.0,12300.0,2000.0,1800.0,900.0,900.0
MD02191,Howard County Police Department,Forensic Services Section,MD,South,County,2.0,1868.0,1495.0,241.0,13.0,0.0,13.0,0.0,Yes,Yes,No,364.0,274.0,90.0,18.0,,,,,,,,,,,,,,,,,123.0,98.0,88.0,67.0,646.0,569.0,131.0,100.0,,,,,279.0,279.0,,,,
MD02192,Anne Arundel County Police Department,Anne Arundel County Crime Laboratory,MD,South,County,2.0,5000.0,5000.0,600.0,37.0,3.0,38.0,2.0,Yes,Yes,Yes,2739.0,1593.0,153.0,0.0,,,,,,,,,,,,,,,,,281.0,230.0,70.0,0.0,2219.0,300.0,200.0,0.0,,,,,2576.0,2576.0,465.0,518.0,292.0,0.0
MD02195,Baltimore County Police Department,Forensic Services Section,MD,South,County,2.0,,5767.0,,52.0,3.0,52.0,3.0,Yes,Yes,Yes,2308.0,2968.0,348.0,165.0,,,,,,,,,2.0,2.0,0.0,0.0,845.0,845.0,0.0,0.0,427.0,367.0,102.0,60.0,939.0,1097.0,0.0,0.0,,,,,3596.0,3596.0,447.0,589.0,528.0,505.0
MD02198,Hagerstown City Police Department,Crime Laboratory,MD,South,City,1.0,1400.0,1800.0,60.0,3.0,2.0,3.0,2.0,Yes,Yes,Yes,1150.0,1213.0,75.0,74.0,,,,,,,,,,,,,300.0,319.0,30.0,29.0,,,,,100.0,109.0,10.0,9.0,,,,,7.0,7.0,,,,
MD02199,Montgomery County Police Department,Crime Laboratory,MD,South,County,2.0,4914.0,4095.0,557.0,40.0,7.0,38.0,6.0,Yes,Yes,Yes,690.0,580.0,65.0,64.0,,,,,,,,,2.0,2.0,0.0,0.0,649.0,613.0,95.0,74.0,751.0,1156.0,507.0,105.0,954.0,950.0,0.0,0.0,,,,,512.0,512.0,537.0,404.0,347.0,309.0
MD02201,Prince George's County Police,Forensic Services Division,MD,South,County,2.0,8415.0,5899.0,21047.0,29.0,0.0,28.0,1.0,Yes,Yes,Yes,2529.0,742.0,15525.0,15376.0,,,,,,,,,,,,,2883.0,492.0,54.0,50.0,,,,,256.0,215.0,3547.0,3516.0,,,,,,,231.0,532.0,2119.0,2105.0
MD03206,Maryland State Police,Forensic Sciences Division,MD,South,State,3.0,13952.0,11871.0,1528.0,100.0,3.0,100.0,3.0,Yes,Yes,Yes,7553.0,9098.0,1085.0,655.0,897.0,990.0,418.0,326.0,125.0,124.0,17.0,15.0,4.0,5.0,3.0,3.0,925.0,1018.0,354.0,306.0,,,,,1030.0,1038.0,87.0,38.0,18.0,18.0,4.0,3.0,625.0,625.0,897.0,990.0,230.0,181.0
MD04193,Bureau of ATF,Laboratory Services,MD,South,Federal,4.0,,1028.0,688.0,41.0,1.0,46.0,1.0,Yes,Yes,Yes,,,,,,,,,391.0,274.0,167.0,89.0,2.0,1.0,2.0,2.0,108.0,43.0,100.0,27.0,,,,,174.0,98.0,170.0,136.0,,,,,,,310.0,71.0,563.0,426.0
MD04196,Drug Enforcement Administration,Mid-Atlantic Laboratory,MD,South,Federal,4.0,10292.0,10005.0,2680.0,55.0,0.0,51.0,0.0,Yes,Yes,Yes,9713.0,7614.0,2123.0,2037.0,,,,,,,,,,,,,,,,,,,,,292.0,155.0,646.0,643.0,,,,,,,,,,
MD04202,Treasury Inspector General for Tax Administration,Forensic Science Laboratory,MD,South,Federal,4.0,250.0,250.0,20.0,14.0,0.0,14.0,0.0,Yes,Yes,Yes,,,,,,,,,,,,,,,,,,,,,120.0,120.0,0.0,0.0,110.0,110.0,0.0,0.0,20.0,20.0,0.0,0.0,,,,,,
MD04606,Bureau of ATF,Fire Research Laboratory,MD,South,Federal,4.0,141.0,123.0,45.0,12.0,,12.0,0.0,Yes,Yes,Yes,,,,,,,,,,,,,,,,,,,,,0.0,0.0,0.0,0.0,,,,,,,,,,,,,,
ME03206,State of Maine,Health & Environmental Testing Laboratory,ME,Northeast,State,3.0,2300.0,2000.0,600.0,10.0,0.0,9.0,0.0,Yes,Yes,Yes,875.0,833.0,192.0,133.0,1108.0,1169.0,360.0,300.0,,,,,,,,,,,,,,,,,,,,,,,,,,,,,,
ME03207,Maine State Police,Crime Laboratory,ME,Northeast,State,3.0,1070.0,1333.0,291.0,23.0,1.0,22.0,1.0,Yes,No,Yes,,,,,,,,,294.0,251.0,25.0,25.0,2.0,2.0,0.0,0.0,104.0,106.0,41.0,41.0,,,,,209.0,152.0,34.0,34.0,,,,,,,726.0,561.0,186.0,180.0
MI02210,Oakland County Sheriff's Office,Forensic Science Laboratory,MI,Midwest,County,2.0,54594.0,24829.0,383.0,25.0,2.0,25.0,2.0,Yes,Yes,Yes,1279.0,1271.0,0.0,0.0,21245.0,21245.0,0.0,0.0,,,,,,,,,1213.0,1158.0,55.0,25.0,,,,,496.0,579.0,55.0,5.0,,,,,28.0,27.0,471.0,349.0,273.0,273.0
MI03208,Battle Creek PD,Crime Laboratory,MI,Midwest,City,1.0,950.0,950.0,0.0,6.0,0.0,6.0,0.0,Yes,No,Yes,400.0,400.0,0.0,0.0,,,,,,,,,,,,,,,,,100.0,100.0,0.0,0.0,50.0,50.0,0.0,0.0,,,,,400.0,400.0,,,,
MI03218,Michigan State Police,Forensic Science Division,MI,Midwest,State,3.0,90000.0,91801.0,3113.0,250.0,0.0,48.0,0.0,Yes,Yes,Yes,14304.0,14343.0,648.0,115.0,32268.0,32719.0,867.0,70.0,588.0,687.0,87.0,87.0,,,,,7982.0,7087.0,886.0,796.0,,,,,4574.0,4773.0,569.0,568.0,82.0,92.0,11.0,7.0,240.0,240.0,8960.0,11435.0,1471.0,1470.0
MN01219,Minneapolis Police Department,Crime Laboratory,MN,Midwest,City,1.0,7400.0,9200.0,45.0,37.0,0.0,38.0,0.0,Yes,Yes,Yes,,,,,,,,,,,,,5.0,5.0,0.0,0.0,3500.0,3500.0,0.0,0.0,2800.0,2750.0,50.0,50.0,2050.0,2050.0,0.0,0.0,,,,,920.0,920.0,,,,
MN01220,St. Paul Police Department,Forensic Services Unit,MN,Midwest,City,1.0,2339.0,3279.0,1594.0,16.0,0.0,16.0,0.0,Yes,Yes,Yes,,,,,,,,,,,,,2.0,0.0,3.0,3.0,1630.0,2305.0,37.0,37.0,,,,,312.0,281.0,452.0,449.0,,,,,1335.0,1115.0,,,,
MN02218,Hennepin County Sheriff,Crime Laboratory,MN,Midwest,County,2.0,4931.0,5305.0,820.0,52.0,2.0,48.0,2.0,Yes,Yes,Yes,,,,,,,,,,,,,,,,,483.0,361.0,129.0,0.0,,,,,729.0,627.0,102.0,0.0,,,,,1915.0,1915.0,2018.0,1722.0,296.0,0.0
MN03221,Minnesota Bureau of Criminal Apprehension,Bemidji Regional Forensic Science Laboratory,MN,Midwest,State,3.0,5979.0,6759.0,1061.0,21.0,0.0,21.0,0.0,Yes,Yes,Yes,2507.0,3010.0,522.0,130.0,,,,,,,,,,,,,278.0,207.0,162.0,118.0,117.0,207.0,28.0,20.0,489.0,485.0,185.0,138.0,,,,,61.0,44.0,2181.0,1432.0,871.0,655.0
MN03222,Minnesota Bureau of Criminal Apprehension,Forensic Science Services,MN,Midwest,State,3.0,27065.0,31174.0,6562.0,124.0,0.0,124.0,0.0,Yes,Yes,Yes,6777.0,7781.0,1087.0,272.0,10677.0,8996.0,3935.0,2913.0,377.0,298.0,160.0,136.0,24.0,20.0,22.0,11.0,830.0,625.0,597.0,418.0,274.0,248.0,64.0,45.0,1030.0,939.0,310.0,232.0,,,,,174.0,132.0,11285.0,7852.0,3381.0,2535.0
MN09545,Midwest Regional Forensic Laboratory,Midwest Regional Forensic Laboratory,MN,Midwest,County,2.0,3549.0,3476.0,,15.0,0.0,16.0,0.0,Yes,Yes,Yes,1275.0,1353.0,33.0,0.0,110.0,108.0,3.0,0.0,,,,,,,,,,,,,,,,,311.0,310.0,78.0,45.0,,,,,,,1780.0,1710.0,441.0,252.0
MO01224,Kansas City Police Department,Criminalistics Laboratory,MO,Midwest,City,1.0,11581.0,12076.0,724.0,71.0,0.0,64.0,0.0,Yes,Yes,Yes,632.0,670.0,63.0,37.0,,,,,49.0,48.0,46.0,41.0,8.0,8.0,9.0,9.0,3377.0,3427.0,41.0,17.0,128.0,138.0,11.0,6.0,729.0,711.0,88.0,62.0,,,,,913.0,551.0,1986.0,1768.0,581.0,476.0
MO01228,St Louis Metro Police,Crime Laboratory,MO,Midwest,City,1.0,15000.0,15000.0,8881.0,70.0,0.0,68.0,0.0,Yes,Yes,Yes,3000.0,3000.0,0.0,0.0,,,,,,,,,,,,,2500.0,2500.0,1337.0,1337.0,,,,,1500.0,1500.0,1077.0,1077.0,,,,,5000.0,5000.0,7000.0,7000.0,87.0,87.0
MO02227,St Charles County,Crime Laboratory,MO,Midwest,County,2.0,2435.0,2588.0,635.0,5.0,2.0,5.0,2.0,Yes,Yes,Yes,1850.0,1821.0,143.0,62.0,68.0,78.0,0.0,0.0,6.0,7.0,1.0,0.0,,,,,150.0,192.0,6.0,2.0,,,,,,,,,,,,,,,370.0,435.0,409.0,376.0
MO03238,Missouri State Highway Patrol,Crime Laboratory Division,MO,Midwest,State,3.0,44906.0,45119.0,7644.0,124.0,2.0,119.0,2.0,Yes,Yes,Yes,19254.0,21097.0,3073.0,1632.0,4792.0,6171.0,754.0,369.0,706.0,760.0,240.0,179.0,,,,,566.0,631.0,80.0,46.0,,,,,2784.0,3686.0,352.0,106.0,,,,,,,2321.0,3910.0,2481.0,2353.0
MS01238,Jackson Police Department,Crime Laboratory,MS,South,City,1.0,1775.0,1802.0,1630.0,7.0,0.0,7.0,0.0,Yes,No,No,1396.0,687.0,709.0,667.0,,,,,,,,,,,,,,,,,,,,,,,,,,,,,,,,,,
MS01239,Tupelo Police Department,Crime Laboratory,MS,South,City,1.0,1998.0,1451.0,8.0,2.0,0.0,2.0,0.0,Yes,No,No,1451.0,1443.0,20.0,8.0,,,,,,,,,,,,,,,,,,,,,,,,,,,,,,,,,,
MS03242,Mississippi Department of Public Safety,Mississippi State Crime Laboratory,MS,South,State,3.0,28121.0,26417.0,5701.0,84.0,4.0,84.0,4.0,Yes,Yes,Yes,9637.0,8519.0,7545.0,1425.0,5260.0,5262.0,546.0,371.0,386.0,526.0,105.0,61.0,20.0,20.0,5.0,5.0,4050.0,2798.0,3238.0,224.0,,,,,1563.0,1067.0,109.0,28.0,16.0,18.0,4.0,1.0,,,1402.0,1500.0,380.0,281.0
MS09546,Columbus Information Technology Department,Forensic Lab,MS,South,City,1.0,754.0,1110.0,480.0,4.0,0.0,3.0,0.0,Yes,Yes,No,967.0,707.0,681.0,152.0,,,,,,,,,,,,,,,,,45.0,45.0,26.0,6.0,96.0,95.0,47.0,17.0,,,,,30.0,30.0,,,,
MT03244,Montana Department of Justice,Forensic Science Division - Missoula Laboratory,MT,West,State,3.0,9588.0,9852.0,2943.0,40.0,1.0,40.0,1.0,Yes,Yes,Yes,2782.0,3974.0,314.0,134.0,5410.0,5438.0,542.0,209.0,17.0,14.0,36.0,34.0,,,,,106.0,90.0,28.0,17.0,,,,,227.0,189.0,68.0,53.0,,,,,,,1310.0,1120.0,528.0,453.0
NC01245,Charlotte-Mecklenburg Police Department,Crime Laboratory,NC,South,City,1.0,6597.0,5182.0,1775.0,31.0,0.0,32.0,4.0,Yes,Yes,Yes,669.0,629.0,40.0,0.0,226.0,221.0,0.0,0.0,18.0,4.0,25.0,25.0,0.0,0.0,0.0,0.0,1119.0,1100.0,90.0,60.0,,,,,1397.0,1406.0,0.0,0.0,20.0,20.0,0.0,0.0,,,1733.0,1417.0,1742.0,1690.0
NC01246,Greensboro Police Department,Forensic Services Division,NC,South,City,1.0,7576.0,7587.0,0.0,34.0,3.0,37.0,2.0,Yes,Yes,Yes,,,,,,,,,,,,,,,,,,,,,,,,,1459.0,1453.0,6.0,0.0,,,,,6128.0,6128.0,,,,
NC01247,Winston-Salem Police Department,Forensic Services Division,NC,South,City,1.0,,,,32.0,0.0,35.0,0.0,Yes,Yes,Yes,,,,,,,,,,,,,4000.0,4800.0,0.0,0.0,,,,,,,,,300.0,300.0,0.0,0.0,,,,,1500.0,1500.0,,,,
NC02247,Raleigh/Wake City-County,Bureau of Identification,NC,South,County,2.0,5200.0,9950.0,0.0,79.0,0.0,79.0,0.0,Yes,Yes,Yes,700.0,760.0,0.0,0.0,860.0,890.0,0.0,0.0,,,,,,,,,1250.0,1250.0,0.0,0.0,140.0,130.0,0.0,0.0,2400.0,2210.0,190.0,0.0,,,,,4600.0,4600.0,,,,
NC02248,Cumberland County Sheriff's Office,Forensic Services and Digital Evidence Recovery,NC,South,County,2.0,0.0,0.0,0.0,13.0,0.0,1.0,0.0,Yes,Yes,Yes,0.0,0.0,0.0,0.0,,,,,,,,,0.0,0.0,0.0,0.0,365.0,365.0,153.0,0.0,194.0,194.0,170.0,0.0,1134.0,1134.0,447.0,0.0,,,,,2428.0,2428.0,,,,
NC02249,New Hanover County Sheriff's Office,Crime Scene Investigation Section,NC,South,County,2.0,366.0,888.0,0.0,7.0,4.0,7.0,4.0,Yes,Yes,Yes,,,,,87.0,79.0,8.0,0.0,,,,,,,,,3.0,3.0,0.0,0.0,,,,,678.0,801.0,10.0,0.0,,,,,,,,,,
NC03248,North Carolina State Crime Laboratory,Raleigh Crime Laboratory,NC,South,State,3.0,41531.0,39141.0,20799.0,187.0,1.0,182.0,1.0,Yes,Yes,Yes,22033.0,18313.0,10617.0,9085.0,11238.0,7835.0,5624.0,4792.0,1064.0,720.0,303.0,244.0,22.0,21.0,16.0,13.0,2282.0,2186.0,808.0,585.0,226.0,120.0,171.0,152.0,1092.0,1671.0,368.0,296.0,,,,,,,4177.0,4266.0,2892.0,2534.0
ND03251,Office of the Attorney General,Crime Laboratory Division,ND,Midwest,State,3.0,6429.0,5687.0,2490.0,22.0,1.0,22.0,2.0,Yes,Yes,Yes,3374.0,2141.0,1556.0,1000.0,1251.0,2576.0,314.0,250.0,,,,,,,,,,,,,,,,,38.0,27.0,148.0,130.0,,,,,,,914.0,166.0,482.0,253.0
NE03255,Nebraska State Patrol,Nebraska State Patrol Criminalistics Lab,NE,Midwest,State,3.0,10481.0,9383.0,2718.0,36.0,1.0,34.0,1.0,Yes,Yes,Yes,3779.0,3179.0,1583.0,1317.0,520.0,528.0,23.0,2.0,48.0,50.0,3.0,1.0,5.0,12.0,1.0,1.0,257.0,186.0,107.0,86.0,,,,,398.0,386.0,77.0,51.0,,,,,,,1525.0,1407.0,1362.0,1260.0
NH03257,New Hampshire State Police,Forensic Laboratory,NH,Northeast,State,3.0,15204.0,13136.0,1758.0,44.0,4.0,37.0,3.0,Yes,Yes,Yes,3219.0,3540.0,206.0,56.0,7787.0,8186.0,657.0,179.0,24.0,34.0,3.0,2.0,19.0,14.0,9.0,7.0,91.0,152.0,23.0,16.0,7.0,9.0,7.0,7.0,417.0,502.0,307.0,271.0,,,,,,,727.0,673.0,291.0,229.0
NJ02260,Burlington County,Forensic Science Laboratory,NJ,Northeast,County,2.0,2541.0,1753.0,0.0,4.0,0.0,4.0,0.0,Yes,No,No,1753.0,2493.0,61.0,0.0,,,,,,,,,,,,,,,,,,,,,,,,,,,,,,,,,,
NJ02261,Cape May County Prosecutor's Office,Crime Laboratory,NJ,Northeast,County,2.0,1224.0,1151.0,0.0,2.0,1.0,3.0,1.0,Yes,Yes,Yes,1151.0,1151.0,0.0,0.0,,,,,,,,,,,,,,,,,,,,,,,,,,,,,,,,,,
NJ02264,Ocean County Sheriff's Department,Crime Scene Investigation Unit,NJ,Northeast,County,2.0,4000.0,4000.0,0.0,8.0,0.0,8.0,0.0,Yes,Yes,No,3820.0,3820.0,0.0,0.0,60.0,60.0,0.0,0.0,,,,,,,,,80.0,80.0,0.0,0.0,,,,,,,,,,,,,,,,,,
NJ02265,Union County Prosecutor's Office,Forensic Laboratory,NJ,Northeast,County,2.0,3302.0,2348.0,1731.0,17.0,1.0,18.0,1.0,Yes,Yes,Yes,2149.0,1972.0,1812.0,1571.0,,,,,,,,,,,,,,,,,,,,,,,,,,,,,,,199.0,142.0,179.0,160.0
NJ03269,New Jersey State Police,East Regional Laboratory,NJ,Northeast,State,3.0,60461.0,40015.0,8133.0,164.0,0.0,173.0,0.0,Yes,Yes,Yes,25741.0,24662.0,6965.0,5288.0,3106.0,2745.0,950.0,440.0,180.0,177.0,36.0,33.0,5.0,5.0,0.0,0.0,,,,,,,,,,,,,,,,,,,4176.0,4283.0,946.0,1206.0
NJ04266,US Customs & Border Protection,New York Laboratory,NJ,Northeast,Federal,4.0,1500.0,1750.0,150.0,51.0,0.0,51.0,0.0,Yes,Yes,Yes,1500.0,1300.0,200.0,50.0,,,,,0.0,0.0,0.0,0.0,,,,,,,,,50.0,50.0,0.0,0.0,50.0,50.0,0.0,0.0,5.0,5.0,0.0,0.0,0.0,0.0,,,,
NM03273,Department of Health,Toxicology Bureau,NM,West,State,3.0,1400.0,1100.0,220.0,26.0,0.0,26.0,0.0,Yes,Yes,Yes,,,,,1200.0,1300.0,250.0,220.0,,,,,,,,,,,,,,,,,,,,,,,,,,,,,,
NM03431,New Mexico Department of Public Safety,Forensic Science Laboratories,NM,West,State,3.0,8628.0,7400.0,5576.0,40.0,0.0,29.0,0.0,Yes,Yes,Yes,4551.0,4201.0,1624.0,1624.0,,,,,,,,,,,,,923.0,354.0,1055.0,68.0,,,,,534.0,368.0,178.0,44.0,,,,,,,1905.0,1130.0,1710.0,1585.0
NV01276,Henderson Police Department,Criminalistics,NV,West,City,1.0,2001.0,1864.0,3.0,22.0,0.0,22.0,0.0,Yes,No,Yes,677.0,845.0,4.0,0.0,698.0,671.0,25.0,22.0,,,,,6.0,6.0,1.0,1.0,,,,,,,,,488.0,488.0,24.0,3.0,,,,,587.0,587.0,,,,
NV05277,Las Vegas Metropolitan Police Department,Forensic Laboratory,NV,West,County,2.0,32814.0,34306.0,6508.0,84.0,5.0,77.0,2.0,Yes,Yes,Yes,1053.0,960.0,305.0,0.0,10772.0,11942.0,1135.0,0.0,106.0,124.0,18.0,0.0,,,,,7078.0,6626.0,1517.0,0.0,,,,,387.0,506.0,220.0,0.0,,,,,,,2779.0,2531.0,1957.0,0.0
NV05278,Washoe County Sheriff's Office,Forensic Science Division,NV,West,County,2.0,6881.0,10834.0,1214.0,43.0,5.0,43.0,5.0,Yes,Yes,Yes,428.0,382.0,13.0,4.0,4643.0,5944.0,670.0,224.0,,,,,,,,,700.0,1594.0,104.0,102.0,,,,,254.0,293.0,34.0,30.0,,,,,309.0,347.0,702.0,1121.0,667.0,667.0
NV09554,Carson City Sheriff's Office,Crime Laboratory,NV,West,County,2.0,524.0,535.0,0.0,2.0,0.0,2.0,0.0,No,No,No,199.0,199.0,1.0,0.0,,,,,,,,,,,,,,,,,91.0,91.0,0.0,0.0,175.0,175.0,0.0,0.0,,,,,57.0,57.0,,,,
NY01279,Office of Chief Medical Examiner New York City,Department of Forensic Biology,NY,Northeast,City,1.0,22220.0,18776.0,3794.0,254.0,0.0,200.0,0.0,Yes,Yes,Yes,,,,,5792.0,5054.0,2198.0,1196.0,,,,,,,,,,,,,,,,,,,,,,,,,,,12984.0,11046.0,3495.0,2598.0
NY01293,Yonkers Police Department,Forensic Science Laboratory,NY,Northeast,City,1.0,1063.0,581.0,1689.0,4.0,1.0,4.0,1.0,Yes,No,Yes,525.0,398.0,1537.0,1516.0,,,,,,,,,,,,,,,,,,,,,56.0,26.0,175.0,172.0,,,,,,,,,,
NY02281,Erie County,Central Police Services Forensic Laboratory,NY,Northeast,County,2.0,6646.0,4902.0,1485.0,23.0,1.0,27.0,1.0,Yes,Yes,Yes,1905.0,1863.0,110.0,36.0,,,,,3.0,3.0,0.0,0.0,1.0,1.0,0.0,0.0,1112.0,920.0,153.0,99.0,,,,,,,,,,,,,,,1812.0,1643.0,1479.0,1350.0
NY02282,Monroe County Department of Public Safety,Crime Laboratory,NY,Northeast,County,2.0,3142.0,3797.0,6791.0,28.0,2.0,28.0,2.0,Yes,Yes,Yes,1089.0,1103.0,3315.0,3257.0,,,,,81.0,74.0,96.0,93.0,0.0,0.0,0.0,0.0,1592.0,1101.0,2548.0,2427.0,,,,,,,,,,,,,,,932.0,882.0,1078.0,1014.0
NY02283,Nassau County Office of the Medical Examiner,Division of Forensic Services,NY,Northeast,County,2.0,2829.0,2571.0,319.0,40.0,0.0,40.0,0.0,Yes,Yes,Yes,1157.0,1349.0,131.0,79.0,,,,,19.0,16.0,7.0,7.0,,,,,,,,,,,,,710.0,768.0,41.0,8.0,,,,,,,685.0,575.0,264.0,225.0
NY02284,Nassau County Medical Examiner's Office,Toxicology Laboratory,NY,Northeast,County,2.0,1210.0,1475.0,224.0,12.0,1.0,12.0,1.0,Yes,Yes,Yes,8.0,8.0,0.0,0.0,1475.0,1196.0,266.0,207.0,,,,,,,,,,,,,,,,,,,,,,,,,,,,,,
NY02287,Niagara County Sheriff,Forensic Laboratory,NY,Northeast,County,2.0,2611.0,2019.0,,7.0,3.0,7.0,0.0,Yes,No,Yes,1196.0,1195.0,77.0,0.0,330.0,323.0,12.0,0.0,4.0,4.0,5.0,2.0,,,,,240.0,234.0,34.0,0.0,,,,,,,,,,,,,,,236.0,235.0,7.0,0.0
NY02288,Onondaga County,Center for Forensic Sciences,NY,Northeast,County,2.0,3120.0,4412.0,1360.0,31.0,0.0,30.0,0.0,Yes,No,Yes,611.0,571.0,45.0,7.0,,,,,,,,,,,,,1548.0,1174.0,543.0,458.0,91.0,60.0,44.0,30.0,1120.0,1021.0,138.0,97.0,,,,,,,1026.0,542.0,833.0,666.0
NY02289,Suffolk County,Suffolk County Crime Laboratory,NY,Northeast,County,2.0,5922.0,4279.0,,43.0,0.0,43.0,0.0,Yes,Yes,Yes,2183.0,2104.0,315.0,0.0,,,,,156.0,138.0,42.0,0.0,0.0,0.0,0.0,0.0,754.0,571.0,335.0,0.0,,,,,,,,,22.0,18.0,11.0,0.0,84.0,78.0,1004.0,1015.0,178.0,0.0
NY02291,Westchester County Department of Laboratories & Research,Division of Forensic  Sciences,NY,Northeast,County,2.0,2409.0,2142.0,375.0,29.0,0.0,27.0,0.0,Yes,Yes,Yes,884.0,1008.0,139.0,100.0,,,,,249.0,225.0,163.0,147.0,8.0,9.0,0.0,0.0,,,,,33.0,26.0,1.0,1.0,,,,,,,,,1.0,1.0,967.0,1021.0,221.0,127.0
NY02292,Westchester County Department of Public Safety,Crime Laboratory,NY,Northeast,County,2.0,680.0,852.0,170.0,10.0,1.0,9.0,1.0,Yes,Yes,Yes,,,,,,,,,,,,,,,,,412.0,353.0,90.0,64.0,60.0,60.0,2.0,1.0,370.0,321.0,118.0,90.0,,,,,62.0,55.0,,,,
NY03294,New York State Police,Forensic Investigation Center,NY,Northeast,State,3.0,57834.0,31494.0,21859.0,281.0,0.0,241.0,0.0,Yes,Yes,Yes,6201.0,5267.0,1356.0,1003.0,3864.0,3884.0,370.0,93.0,179.0,143.0,65.0,56.0,,,,,1489.0,1123.0,827.0,716.0,,,,,373.0,233.0,258.0,235.0,,,,,,,4218.0,5168.0,2312.0,2070.0
NY04280,Drug Enforcement Administration,Northeast Laboratory,NY,Northeast,Federal,4.0,8500.0,10500.0,,52.0,0.0,49.0,0.0,Yes,Yes,Yes,10000.0,7000.0,1200.0,1200.0,,,,,,,,,,,,,,,,,,,,,500.0,100.0,400.0,600.0,,,,,,,,,,
NY05286,New York City Police Department,Crime Laboratory,NY,Northeast,City,1.0,,,,373.0,0.0,364.0,0.0,Yes,Yes,Yes,,,,,,,,,,,,,,,,,,,,,,,,,,,,,,,,,,,,,,
NY09559,Dutchess County Chief Medical Examiner,Dutchess County Chief Medical Examiner,NY,Northeast,County,2.0,,,,6.0,0.0,6.0,0.0,No,No,No,,,,,,,,,,,,,,,,,,,,,,,,,,,,,,,,,,,,,,
NY09560,Erie County Chief Medical Examiner,Erie County Chief Medical Examiner,NY,Northeast,County,2.0,925.0,1102.0,259.0,9.0,3.0,9.0,3.0,Yes,Yes,Yes,,,,,1102.0,900.0,259.0,259.0,,,,,,,,,,,,,,,,,,,,,,,,,,,,,,
NY09567,Onondaga County Coroner/Medical Examiner,Toxicology Laboratory,NY,Northeast,County,2.0,3842.0,4187.0,174.0,28.0,0.0,27.0,1.0,Yes,Yes,Yes,,,,,1399.0,1306.0,175.0,71.0,,,,,,,,,,,,,,,,,,,,,,,,,,,,,,
NY09573,Suffolk County Chief Medical Examiner,Toxicology Section,NY,Northeast,County,2.0,2300.0,2500.0,55.0,16.0,1.0,16.0,1.0,Yes,No,Yes,,,,,2300.0,2200.0,185.0,50.0,,,,,,,,,,,,,,,,,,,,,,,,,,,,,,
NY09577,Westchester County Coroner/Medical Examiner,Toxicology Laboratory,NY,Northeast,County,2.0,917.0,901.0,45.0,8.0,1.0,10.0,0.0,Yes,Yes,Yes,,,,,901.0,911.0,93.0,45.0,,,,,,,,,,,,,,,,,,,,,,,,,,,,,,
OH01300,Columbus Division of Police,Crime Laboratory,OH,Midwest,City,1.0,13476.0,10893.0,2512.0,36.0,0.0,33.0,0.0,Yes,Yes,Yes,1051.0,1491.0,113.0,75.0,,,,,,,,,,,,,5481.0,4028.0,1450.0,1175.0,,,,,1654.0,1775.0,352.0,290.0,1.0,1.0,0.0,0.0,,,1960.0,1226.0,970.0,863.0
OH01305,Mansfield Police Department,Crime Laboratory,OH,Midwest,City,1.0,1420.0,1295.0,87.0,4.0,1.0,4.0,1.0,Yes,Yes,Yes,594.0,571.0,23.0,0.0,,,,,,,,,,,,,151.0,150.0,1.0,0.0,315.0,251.0,64.0,64.0,30.0,23.0,7.0,7.0,,,,,,,166.0,145.0,21.0,16.0
OH01309,Toledo Police Department,Forensic Laboratory,OH,Midwest,City,1.0,2020.0,2142.0,400.0,3.0,0.0,3.0,0.0,Yes,Yes,Yes,746.0,552.0,319.0,300.0,,,,,,,,,,,,,1396.0,1341.0,82.0,70.0,,,,,,,,,,,,,,,,,,
OH02298,Canton-Stark County,Crime Laboratory,OH,Midwest,City,1.0,3201.0,2539.0,32.0,7.0,1.0,7.0,1.0,Yes,Yes,Yes,1351.0,1371.0,6.0,0.0,233.0,235.0,0.0,0.0,2.0,2.0,2.0,2.0,,,,,682.0,654.0,33.0,26.0,,,,,271.0,274.0,4.0,4.0,,,,,,,,,,
OH02302,Cuyahoga County Regl Forensic Science Laboratory,Forensic Laboratory,OH,Midwest,County,2.0,,,,60.0,1.0,52.0,1.0,Yes,Yes,Yes,4000.0,4048.0,0.0,0.0,3396.0,3506.0,387.0,387.0,382.0,232.0,143.0,143.0,,,,,3015.0,5257.0,759.0,364.0,,,,,169.0,171.0,45.0,45.0,,,,,,,381.0,341.0,40.0,40.0
OH02303,Hamilton County Coroner's Office,Crime Laboratory,OH,Midwest,County,2.0,11160.0,8040.0,812.0,28.0,1.0,28.0,1.0,Yes,Yes,Yes,6158.0,6055.0,103.0,0.0,2313.0,2394.0,151.0,0.0,214.0,198.0,37.0,15.0,4.0,2.0,2.0,0.0,265.0,136.0,271.0,249.0,,,,,,,,,,,,,,,1053.0,1011.0,194.0,101.0
OH02304,Lake County Crime Laboratory,Forensic Laboratory,OH,Midwest,County,2.0,2449.0,2333.0,,13.0,0.0,13.0,0.0,Yes,Yes,Yes,1150.0,1143.0,100.0,50.0,121.0,134.0,0.0,0.0,114.0,163.0,10.0,5.0,10.0,10.0,0.0,0.0,264.0,265.0,15.0,0.0,,,,,262.0,266.0,5.0,0.0,,,,,,,412.0,412.0,4.0,0.0
OH02305,Lorain County,Crime/Drug Lab,OH,Midwest,County,2.0,7000.0,8000.0,,4.0,2.0,4.0,2.0,Yes,No,No,1897.0,1617.0,280.0,150.0,,,,,,,,,,,,,,,,,,,,,,,,,,,,,,,,,,
OH02306,Licking County Sheriff's Office,Central Ohio Regional Crime Lab,OH,Midwest,County,2.0,669.0,624.0,277.0,2.0,0.0,2.0,0.0,No,No,No,532.0,355.0,336.0,277.0,,,,,,,,,,,,,80.0,80.0,0.0,0.0,,,,,12.0,12.0,0.0,0.0,,,,,48.0,48.0,,,,
OH03312,Ohio Bureau of Criminal Investigation,Northeast Laboratory,OH,Midwest,State,3.0,51332.0,49813.0,9555.0,92.0,0.0,61.0,0.0,Yes,Yes,Yes,8000.0,6500.0,1500.0,1164.0,,,,,95.0,95.0,0.0,0.0,,,,,300.0,150.0,150.0,129.0,,,,,3000.0,2500.0,500.0,243.0,,,,,,,4000.0,3800.0,200.0,10.0
OH03314,Ohio Department of Public Safety,Ohio State Highway Patrol Crime Laboratory,OH,Midwest,State,3.0,19112.0,16796.0,813.0,36.0,0.0,36.0,0.0,Yes,Yes,Yes,6630.0,4912.0,494.0,369.0,10166.0,9849.0,736.0,444.0,,,,,,,,,,,,,,,,,,,,,,,,,,,,,,
OH03315,Ohio State Fire Marshal,Forensic Laboratory,OH,Midwest,State,3.0,679.0,605.0,9.0,7.0,1.0,7.0,1.0,Yes,Yes,Yes,,,,,,,,,508.0,505.0,3.0,5.0,,,,,,,,,63.0,58.0,5.0,46.0,34.0,33.0,1.0,0.0,,,,,,,,,,
OH04310,U.S. FDA Regl Laboratory,Forensic Chemistry Center,OH,Midwest,Federal,4.0,778.0,604.0,3.0,58.0,3.0,71.0,3.0,Yes,Yes,Yes,408.0,756.0,3.0,3.0,,,,,196.0,291.0,0.0,0.0,,,,,,,,,,,,,,,,,,,,,,,,,,
OH05306,Miami Valley Regional Crime Laboratory,Crime Laboratory,OH,Midwest,County,2.0,19540.0,28920.0,2641.0,26.0,2.0,28.0,1.0,Yes,Yes,Yes,6238.0,6059.0,800.0,473.0,3859.0,3941.0,500.0,224.0,43.0,41.0,12.0,8.0,,,,,2200.0,2228.0,125.0,54.0,,,,,681.0,624.0,110.0,99.0,,,,,,,3437.0,4110.0,700.0,464.0
OK01316,Ardmore Police Department,Crime Laboratory,OK,South,City,1.0,150.0,249.0,0.0,2.0,0.0,1.0,1.0,Yes,No,Yes,,,,,,,,,,,,,,,,,,,,,35.0,35.0,0.0,0.0,100.0,96.0,4.0,0.0,,,,,129.0,129.0,,,,
OK01318,Oklahoma City Police Department,Forensic Laboratory,OK,South,City,1.0,,,,22.0,2.0,20.0,2.0,Yes,Yes,Yes,,,,,,,,,,,,,,,,,,,,,,,,,,,,,,,,,,,,,,
OK01321,Tulsa Police Department,Forensic Laboratory,OK,South,City,1.0,4558.0,4665.0,558.0,24.0,0.0,30.0,0.0,Yes,No,Yes,1024.0,1033.0,39.0,1.0,144.0,142.0,12.0,1.0,,,,,,,,,310.0,177.0,5.0,1.0,,,,,393.0,392.0,18.0,4.0,8.0,5.0,3.0,3.0,,,644.0,524.0,328.0,293.0
OK01322,Norman Police Department,Crime Laboratory,OK,South,City,1.0,1162.0,968.0,0.0,4.0,0.0,4.0,0.0,Yes,Yes,No,17.0,17.0,0.0,0.0,,,,,26.0,26.0,0.0,0.0,4.0,4.0,0.0,0.0,11.0,11.0,0.0,0.0,359.0,359.0,0.0,0.0,74.0,74.0,0.0,0.0,27.0,27.0,0.0,0.0,48.0,48.0,,,,
OR02327,Washington County Sheriff's Office,Forensic Science Unit,OR,West,County,2.0,532.0,511.0,217.0,4.0,0.0,5.0,2.0,Yes,Yes,Yes,,,,,,,,,,,,,,,,,,,,,,,,,258.0,356.0,241.0,217.0,,,,,253.0,253.0,,,,
OR03330,Oregon State Police,Bend Forensic Laboratory,OR,West,State,3.0,1013.0,1117.0,150.0,9.0,0.0,10.0,0.0,Yes,Yes,Yes,664.0,742.0,129.0,100.0,,,,,,,,,,,,,,,,,,,,,177.0,169.0,105.0,100.0,,,,,34.0,31.0,157.0,145.0,22.0,10.0
OR03331,Oregon State Police,Central Point Forensic Laboratory,OR,West,State,3.0,3157.0,2203.0,82.0,11.0,0.0,11.0,0.0,Yes,No,Yes,1765.0,2006.0,85.0,2.0,,,,,,,,,,,,,61.0,74.0,9.0,4.0,,,,,160.0,212.0,84.0,70.0,,,,,53.0,51.0,142.0,168.0,6.0,2.0
OR03334,Oregon State Police,Portland Metro Laboratory,OR,West,State,3.0,15671.0,13309.0,1274.0,85.0,0.0,104.0,0.0,Yes,Yes,Yes,2176.0,3001.0,334.0,209.0,3125.0,3583.0,380.0,109.0,204.0,191.0,55.0,33.0,22.0,18.0,12.0,11.0,1830.0,1896.0,240.0,96.0,,,,,453.0,496.0,206.0,174.0,,,,,35.0,27.0,1330.0,1265.0,179.0,95.0
OR04328,U.S. Fish & Wildlife Service,National Forensics Laboratory,OR,West,Federal,4.0,442.0,384.0,70.0,29.0,0.0,24.0,0.0,Yes,Yes,Yes,,,,,,,,,,,,,,,,,,,,,,,,,,,,,,,,,,,,,,
OR05333,Oregon State Police,Pendleton Forensic Laboratory,OR,West,State,3.0,1050.0,1000.0,107.0,5.0,0.0,5.0,0.0,Yes,Yes,Yes,700.0,210.0,72.0,57.0,,,,,,,,,,,,,30.0,11.0,2.0,1.0,,,,,100.0,143.0,54.0,32.0,,,,,30.0,25.0,150.0,89.0,13.0,8.0
OR09581,Eugene Police Department,Forensic Evidence Unit,OR,West,City,1.0,1754.0,1440.0,52.0,4.0,1.0,5.0,1.0,Yes,Yes,Yes,,,,,,,,,,,,,,,,,,,,,348.0,349.0,44.0,21.0,993.0,927.0,86.0,31.0,,,,,99.0,95.0,,,,
PA01338,Philadelphia Police Department,Crime Laboratory,PA,Northeast,City,1.0,40129.0,36232.0,6512.0,204.0,0.0,204.0,0.0,Yes,Yes,Yes,14715.0,19728.0,2984.0,2948.0,,,,,83.0,56.0,27.0,24.0,,,,,10024.0,8736.0,1588.0,1157.0,521.0,521.0,0.0,0.0,1125.0,1021.0,604.0,368.0,89.0,56.0,45.0,34.0,1537.0,1537.0,8138.0,6794.0,2344.0,1981.0
PA02336,Allegheny County Office of the Medical Examiner Forensic Laboratory,Forensic Laboratory Division,PA,Northeast,County,2.0,14448.0,11885.0,958.0,97.0,0.0,58.0,0.0,Yes,Yes,Yes,293.0,2714.0,773.0,565.0,4398.0,4569.0,447.0,207.0,208.0,250.0,233.0,216.0,,,,,2221.0,2034.0,432.0,400.0,,,,,738.0,584.0,284.0,264.0,,,,,396.0,381.0,961.0,829.0,1088.0,1009.0
PA02337,Bucks County Crime Laboratory, ,PA,Northeast,County,2.0,18501.0,18454.0,1156.0,52.0,1.0,52.0,1.0,Yes,Yes,Yes,4000.0,4048.0,0.0,0.0,3396.0,3506.0,387.0,387.0,382.0,232.0,143.0,143.0,,,,,3015.0,5257.0,759.0,364.0,,,,,169.0,171.0,45.0,45.0,,,,,,,381.0,341.0,40.0,40.0
PA02338,Berks County District Attorney's Office,Forensic Services Unit,PA,Northeast,County,2.0,1732.0,1752.0,50.0,9.0,3.0,9.0,3.0,Yes,Yes,Yes,,,,,,,,,,,,,,,,,95.0,95.0,95.0,0.0,378.0,372.0,6.0,3.0,274.0,273.0,1.0,0.0,,,,,137.0,137.0,,,,
PA05347,Pennsylvania State Police,Bureau of Forensic Services,PA,Northeast,State,3.0,53956.0,53194.0,,222.0,0.0,217.0,0.0,Yes,Yes,Yes,16767.0,17596.0,1829.0,559.0,4125.0,4134.0,151.0,35.0,341.0,317.0,61.0,37.0,0.0,0.0,0.0,0.0,5087.0,4915.0,1253.0,1035.0,,,,,2627.0,2708.0,424.0,255.0,35.0,32.0,34.0,30.0,,,8010.0,7389.0,1847.0,1460.0
PR04437,US Customs and Border Protection,San Juan Laboratory,PR,Other,Federal,4.0,700.0,500.0,,15.0,,17.0,0.0,Yes,Yes,Yes,300.0,350.0,50.0,0.0,,,,,,,,,,,,,,,,,10.0,10.0,0.0,0.0,10.0,10.0,0.0,0.0,,,,,,,,,,
PR07001,Puerto Rico Criminalistic Laboratory,Puerto Rico Criminalistic Laboratory,PR,Other,State,3.0,4762.0,3664.0,,231.0,0.0,239.0,0.0,Yes,Yes,Yes,1508.0,788.0,0.0,0.0,1888.0,1864.0,820.0,0.0,82.0,42.0,0.0,0.0,,,,,1744.0,280.0,0.0,44746.0,50.0,23.0,0.0,0.0,,,,,42.0,15.0,0.0,0.0,287.0,287.0,904.0,571.0,0.0,0.0
RI03346,Rhode Island Department of Health,RI State Forensic Laboratory,RI,Northeast,State,3.0,6086.0,4308.0,364.0,23.0,0.0,19.0,0.0,Yes,Yes,Yes,2027.0,2033.0,119.0,3.0,1388.0,162.0,135.0,109.0,,,,,,,,,,,,,,,,,,,,,,,,,,,434.0,451.0,128.0,97.0
RI03347,Rhode Island State Crime Laboratory,State Crime Laboratory,RI,Northeast,State,3.0,757.0,932.0,181.0,10.0,0.0,10.0,0.0,Yes,No,Yes,,,,,,,,,95.0,75.0,38.0,38.0,4.0,3.0,1.0,1.0,584.0,428.0,178.0,130.0,,,,,249.0,289.0,15.0,8.0,,,,,,,,,,
SC01351,Charleston Police Department,Forensic Laboratory,SC,South,City,1.0,5347.0,4071.0,51.0,21.0,0.0,21.0,0.0,Yes,Yes,Yes,1003.0,1014.0,0.0,0.0,,,,,8.0,8.0,0.0,0.0,,,,,495.0,495.0,0.0,0.0,298.0,278.0,51.0,27.0,1225.0,1233.0,0.0,0.0,,,,,1482.0,1482.0,,,,
SC01357,Orangeburg Department of Public Safety,Drug Analysis Laboratory,SC,South,City,1.0,679.0,330.0,100.0,4.0,0.0,4.0,0.0,Yes,No,No,330.0,500.0,150.0,100.0,,,,,,,,,,,,,,,,,,,,,,,,,,,,,,,,,,
SC02350,Beaufort County Sheriff's Department,Forensic Services Laboratory,SC,South,County,2.0,,,,7.0,0.0,6.0,0.0,Yes,No,Yes,,,,,,,,,,,,,,,,,,,,,,,,,,,,,,,,,,,,,,
SC02353,Greenville County Department of Public Safety,Forensics Laboratory,SC,South,County,2.0,10202.0,11723.0,150.0,44.0,0.0,44.0,0.0,Yes,Yes,Yes,4900.0,4646.0,140.0,60.0,,,,,,,,,,,,,88.0,88.0,20.0,10.0,,,,,1394.0,1394.0,0.0,0.0,,,,,5500.0,5473.0,122.0,179.0,63.0,46.0
SC02354,Horry County Police Department,Drug Analysis Laboratory,SC,South,County,2.0,930.0,903.0,113.0,2.0,0.0,2.0,0.0,Yes,No,No,903.0,790.0,113.0,113.0,,,,,,,,,,,,,,,,,,,,,,,,,,,,,,,,,,
SC02360,Spartanburg County Sheriff's Office,Forensic & ID Laboratories,SC,South,County,2.0,1758.0,1504.0,0.0,5.0,0.0,4.0,0.0,Yes,Yes,No,1485.0,1485.0,0.0,0.0,,,,,19.0,19.0,0.0,0.0,,,,,,,,,,,,,,,,,,,,,,,,,,
SC02361,York County Sheriff's Office,Drug Analysis Laboratory,SC,South,County,2.0,4758.0,1858.0,,2.0,1.0,2.0,1.0,Yes,Yes,No,1858.0,2581.0,0.0,0.0,,,,,,,,,,,,,,,,,,,,,,,,,,,,,,,,,,
SC03359,South Carolina Law Enforcement Division,Forensic Laboratory,SC,South,State,3.0,33542.0,27138.0,25477.0,125.0,3.0,125.0,3.0,Yes,Yes,Yes,13138.0,15123.0,10856.0,1002.0,4978.0,4937.0,788.0,364.0,886.0,971.0,1640.0,1588.0,23.0,9.0,93.0,93.0,1243.0,689.0,1464.0,1389.0,369.0,275.0,94.0,75.0,932.0,941.0,101.0,57.0,101.0,106.0,5.0,4.0,316.0,282.0,2619.0,2676.0,9766.0,9575.0
SC04356,NOAA/National Ocean Service,Marine Forensics Program,MD,South,Federal,4.0,39.0,30.0,30.0,4.0,1.0,3.0,1.0,Yes,No,No,,,,,,,,,,,,,,,,,,,,,,,,,,,,,,,,,,,39.0,20.0,30.0,20.0
SC05349,Anderson County Sheriff's Office,Anderson/Oconee Regional Forensics Laboratory,SC,South,County,2.0,1878.0,1456.0,166.0,4.0,0.0,4.0,0.0,Yes,Yes,No,1456.0,1364.0,389.0,166.0,,,,,,,,,,,,,,,,,,,,,,,,,,,,,,,,,,
SD01363,Rapid City Police Department,Evidence Section,SD,Midwest,City,1.0,3300.0,3700.0,200.0,9.0,1.0,9.0,0.0,Yes,Yes,Yes,1094.0,980.0,120.0,50.0,1954.0,1954.0,0.0,0.0,,,,,,,,,,,,,503.0,490.0,13.0,2.0,325.0,325.0,0.0,0.0,,,,,137.0,137.0,,,,
SD03362,Attorney General Division of Crime Investigation,South Dakota State Forensic Laboratory,SD,Midwest,State,3.0,3276.0,5383.0,,17.0,1.0,17.0,1.0,Yes,Yes,Yes,,,,,,,,,,,,,,,,,,,,,,,,,,,,,,,,,,,,,,
SD05364,Sioux Falls Police Department,Crime Lab-Evidence Section,SD,Midwest,City,1.0,1717.0,1428.0,,10.0,2.0,10.0,2.0,Yes,Yes,Yes,1286.0,1200.0,275.0,50.0,,,,,,,,,,,,,,,,,,,,,100.0,142.0,20.0,5.0,,,,,591.0,591.0,,,,
TN01001,Metropolitan Nashville Police Department Crime Laboratory,Metropolitan Nashville Police Department Crime Laboratory,TN,South,County,2.0,2577.0,2422.0,711.0,51.0,4.0,46.0,4.0,Yes,Yes,Yes,383.0,403.0,57.0,36.0,877.0,656.0,205.0,173.0,,,,,,,,,194.0,164.0,28.0,12.0,,,,,231.0,365.0,28.0,20.0,,,,,,,737.0,230.0,501.0,470.0
TN03368,Tennessee Bureau of Investigation,Knoxville Crime Laboratory,TN,South,State,3.0,15000.0,15000.0,12000.0,40.0,2.0,42.0,0.0,Yes,Yes,Yes,12000.0,10000.0,2000.0,10000.0,,,,,,,,,,,,,,,,,,,,,,,,,,,,,,,,,,
TN03370,Tennessee Bureau of Investigation,Forensic Services Division (Nashville Crime Laboratory),TN,South,State,3.0,80000.0,82000.0,7500.0,146.0,10.0,132.0,0.0,Yes,Yes,Yes,25592.0,31575.0,6436.0,2500.0,23935.0,24684.0,2402.0,1000.0,437.0,500.0,145.0,100.0,77.0,119.0,54.0,40.0,1248.0,869.0,762.0,600.0,,,,,1194.0,1398.0,249.0,105.0,,,,,39.0,39.0,4183.0,4582.0,1527.0,1200.0
TX01371,Austin Police Department,Forensic Science Division,TX,South,City,1.0,14760.0,10913.0,1940.0,84.0,1.0,74.0,1.0,Yes,Yes,Yes,1248.0,1573.0,348.0,302.0,1720.0,1827.0,268.0,98.0,,,,,,,,,665.0,790.0,616.0,564.0,,,,,2919.0,3356.0,944.0,786.0,,,,,4260.0,4205.0,,,,
TX01377,Fort Worth Police Department,Forensic Science Laboratory,TX,South,City,1.0,4233.0,3139.0,,27.0,0.0,27.0,0.0,Yes,Yes,Yes,1854.0,1854.0,0.0,0.0,396.0,396.0,0.0,0.0,,,,,,,,,190.0,233.0,165.0,157.0,,,,,357.0,376.0,14.0,14.0,,,,,,,473.0,134.0,504.0,482.0
TX01379,Houston Forensic Science Center,Houston Forensic Science Center,TX,South,City,1.0,30353.0,31480.0,7227.0,197.0,2.0,203.0,2.0,Yes,Yes,Yes,5060.0,4855.0,479.0,239.0,6752.0,6962.0,2788.0,2073.0,,,,,,,,,4837.0,4928.0,92.0,33.0,981.0,828.0,230.0,173.0,2639.0,1851.0,2899.0,2699.0,,,,,2629.0,2096.0,2237.0,1541.0,1560.0,1343.0
TX01391,Texas Department of Public Safety,Houston Crime Laboratory,TX,South,State,3.0,22351.0,20221.0,2600.0,56.0,0.0,64.0,0.0,Yes,Yes,Yes,7346.0,6634.0,2653.0,2100.0,5301.0,5545.0,385.0,0.0,130.0,118.0,51.0,51.0,13.0,10.0,3.0,0.0,126.0,104.0,48.0,40.0,,,,,,,,,,,,,,,1936.0,2534.0,274.0,150.0
TX02373,Bexar County Criminal Investigations Laboratory,Bexar County Criminal Investigations Laboratory,TX,South,County,2.0,10685.0,9204.0,1154.0,30.0,0.0,30.0,0.0,Yes,Yes,Yes,6630.0,6104.0,1198.0,786.0,,,,,400.0,331.0,130.0,105.0,,,,,389.0,376.0,16.0,7.0,,,,,,,,,,,,,,,1785.0,1663.0,365.0,256.0
TX02374,Brazoria County Sheriff's Department,Crime Laboratory,TX,South,County,2.0,2618.0,2050.0,,6.0,0.0,6.0,0.0,Yes,Yes,Yes,1377.0,899.0,478.0,300.0,664.0,658.0,6.0,0.0,,,,,,,,,,,,,,,,,,,,,,,,,,,,,,
TX02378,Harris County Institute of Forensic Sciences, ,TX,South,County,2.0,21297.0,22613.0,2948.0,135.0,0.0,135.0,0.0,Yes,Yes,Yes,5668.0,5350.0,406.0,113.0,9911.0,10012.0,801.0,76.0,540.0,518.0,43.0,0.0,,,,,4157.0,4114.0,175.0,0.0,,,,,,,,,,,,,,,2337.0,2770.0,2961.0,2759.0
TX02382,Tarrant County Medical Examiner's Office,Crime Laboratory,TX,South,County,2.0,1085.0,1010.0,110.0,14.0,0.0,14.0,0.0,Yes,Yes,Yes,,,,,,,,,258.0,180.0,65.0,46.0,1.0,1.0,0.0,0.0,113.0,92.0,14.0,9.0,,,,,29.0,26.0,2.0,2.0,,,,,,,609.0,474.0,88.0,53.0
TX03385,Texas Department of Public Safety,Abilene Crime Laboratory,TX,South,State,3.0,4954.0,5628.0,1000.0,7.0,0.0,11.0,0.0,Yes,Yes,Yes,5131.0,3803.0,1047.0,1000.0,,,,,,,,,,,,,,,,,,,,,,,,,,,,,,,,,,
TX03387,Texas Department of Public Safety,Austin Laboratory,TX,South,State,3.0,33275.0,30500.0,,134.0,0.0,126.0,0.0,Yes,Yes,Yes,6211.0,5757.0,6039.0,5750.0,18054.0,15892.0,9396.0,9000.0,1837.0,2234.0,535.0,500.0,,,,,171.0,139.0,109.0,100.0,127.0,120.0,55.0,50.0,793.0,946.0,181.0,150.0,51.0,64.0,7.0,5.0,2.0,4.0,527.0,609.0,159.0,140.0
TX03388,Texas Department of Public Safety,Corpus Christi Crime Laboratory,TX,South,State,3.0,4768.0,4870.0,1084.0,21.0,0.0,22.0,0.0,Yes,Yes,Yes,3123.0,2978.0,551.0,344.0,1080.0,1558.0,0.0,0.0,,,,,,,,,,,,,,,,,,,,,,,,,7.0,8.0,370.0,346.0,402.0,370.0
TX03389,Texas Department of Public Safety,El Paso Crime Laboratory,TX,South,State,3.0,3788.0,3262.0,0.0,22.0,0.0,20.0,0.0,Yes,Yes,Yes,888.0,466.0,1217.0,1100.0,1111.0,1035.0,76.0,46.0,,,,,,,,,85.0,80.0,5.0,5.0,,,,,,,,,,,,,,,302.0,357.0,57.0,50.0
TX03390,Texas Department of Public Safety,Garland Crime Laboratory,TX,South,State,3.0,19113.0,15578.0,4564.0,56.0,1.0,52.0,1.0,Yes,Yes,Yes,6184.0,8766.0,2869.0,2834.0,6734.0,10739.0,476.0,75.0,236.0,296.0,100.0,98.0,5.0,1.0,0.0,30.0,350.0,318.0,64.0,62.0,,,,,352.0,346.0,86.0,86.0,,,,,,,945.0,1156.0,615.0,604.0
TX03392,Texas Department of Public Safety,Laredo Crime Laboratory,TX,South,State,3.0,2200.0,3508.0,800.0,16.0,0.0,16.0,0.0,Yes,Yes,Yes,1524.0,0.0,0.0,0.0,,,,,,,,,,,,,103.0,0.0,0.0,0.0,,,,,,,,,,,,,,,643.0,0.0,0.0,0.0
TX03393,Texas Department of Public Safety,Lubbock Crime Laboratory,TX,South,State,3.0,6328.0,7713.0,1210.0,38.0,0.0,38.0,0.0,Yes,Yes,Yes,1565.0,1259.0,474.0,200.0,2650.0,2728.0,199.0,0.0,,,,,,,,,82.0,101.0,25.0,10.0,,,,,315.0,337.0,69.0,10.0,,,,,,,2349.0,2329.0,728.0,300.0
TX03394,Texas Department of Public Safety,Weslaco Crime Laboratory,TX,South,State,3.0,7884.0,8062.0,2420.0,37.0,0.0,37.0,0.0,Yes,Yes,Yes,4893.0,3876.0,1585.0,1137.0,1987.0,2562.0,805.0,223.0,,,,,,,,,113.0,74.0,39.0,39.0,,,,,198.0,143.0,55.0,37.0,,,,,,,871.0,795.0,1155.0,871.0
TX03395,Texas Department of Public Safety,Midland Crime Laboratory,TX,South,State,3.0,4817.0,4424.0,664.0,8.0,0.0,8.0,0.0,Yes,Yes,Yes,1920.0,1985.0,680.0,626.0,2504.0,2533.0,181.0,38.0,,,,,,,,,,,,,,,,,,,,,,,,,,,,,,
TX03397,Texas Department of Public Safety,Waco Crime Laboratory,TX,South,State,3.0,9257.0,8024.0,1219.0,18.0,0.0,22.0,0.0,Yes,No,Yes,3942.0,3793.0,1308.0,917.0,1501.0,1665.0,0.0,0.0,,,,,,,,,,,,,,,,,,,,,,,,,5.0,5.0,2132.0,2220.0,264.0,195.0
TX04375,Drug Enforcement Administration,South Central Laboratory,TX,South,Federal,4.0,10000.0,10000.0,,60.0,,60.0,0.0,Yes,Yes,Yes,10000.0,0.0,0.0,0.0,,,,,,,,,,,,,,,,,,,,,600.0,0.0,0.0,0.0,,,,,,,,,,
TX04436,US Customs and Border Protection,Houston Laboratory (Southwest Regional Science Center),TX,South,Federal,4.0,1500.0,2200.0,,39.0,0.0,38.0,0.0,Yes,Yes,Yes,377.0,256.0,121.0,90.0,,,,,,,,,,,,,,,,,102.0,87.0,15.0,9.0,1634.0,1487.0,147.0,84.0,,,,,1.0,1.0,,,,
TX05380,Jefferson County Sheriff's Office,Regl Crime Laboratory,TX,South,County,2.0,3081.0,2202.0,11.0,11.0,2.0,10.0,2.0,Yes,Yes,Yes,1320.0,1551.0,68.0,0.0,484.0,465.0,40.0,0.0,,,,,,,,,297.0,273.0,34.0,9.0,,,,,,,,,,,,,33.0,31.0,68.0,156.0,3.0,2.0
TX05386,Texas Department of Public Safety,Amarillo Crime Laboratory,TX,South,State,3.0,2936.0,2172.0,913.0,9.0,0.0,9.0,0.0,Yes,No,Yes,2172.0,2431.0,913.0,913.0,,,,,,,,,,,,,,,,,,,,,,,,,,,,,,,,,,
TX05396,Texas Department of Public Safety,Tyler Crime Laboratory,TX,South,State,3.0,9782.0,9344.0,1204.0,21.0,0.0,24.0,0.0,Yes,Yes,Yes,5598.0,7287.0,1694.0,1181.0,3623.0,3906.0,173.0,0.0,,,,,,,,,123.0,119.0,27.0,23.0,,,,,,,,,,,,,,,,,,
TX09588,Arlington Police Department,Crime Laboratory,TX,South,City,1.0,947.0,856.0,,14.0,0.0,14.0,0.0,Yes,Yes,Yes,,,,,,,,,,,,,,,,,172.0,172.0,0.0,0.0,,,,,670.0,670.0,0.0,0.0,,,,,437.0,437.0,,,,
TX09590,Corpus Christi Police Department,Forensic Services Division,TX,South,City,1.0,4375.0,4000.0,,21.0,0.0,19.0,0.0,Yes,Yes,Yes,,,,,,,,,,,,,,,,,1326.0,1250.0,75.0,50.0,,,,,550.0,400.0,1200.0,1150.0,,,,,1348.0,1348.0,,,,
TX11591,Dallas Police Department,AFIS/NIBIN and Computer Crimes Units,TX,South,City,1.0,,,30.0,59.0,0.0,59.0,0.0,Yes,Yes,Yes,,,,,,,,,,,,,,,,,60.0,30.0,30.0,25.0,,,,,281.0,281.0,0.0,0.0,,,,,13023.0,13023.0,,,,
UT03399,Unified State Laboratories - Public Health,Bureau of Forensic Toxicology,UT,West,State,3.0,20121.0,10385.0,,13.0,0.0,13.0,0.0,Yes,Yes,Yes,,,,,10000.0,10385.0,300.0,42.0,,,,,,,,,,,,,,,,,,,,,,,,,,,,,,
UT03400,Utah Bureau of Forensic Services/Department of Public Safety,Central Laboratory,UT,West,State,3.0,6069.0,7687.0,1883.0,55.0,3.0,53.0,3.0,Yes,Yes,Yes,1910.0,1874.0,33.0,8.0,,,,,54.0,46.0,4.0,4.0,,,,,1589.0,598.0,1428.0,1426.0,,,,,753.0,712.0,113.0,105.0,,,,,37.0,32.0,2178.0,2148.0,336.0,326.0
UT03402,Utah Bureau of Forensic Services/Department of Public Safety,Northern Laboratory,UT,West,State,3.0,868.0,822.0,100.0,1.0,2.0,1.0,2.0,Yes,No,Yes,498.0,519.0,2.0,0.0,,,,,,,,,,,,,,,,,,,,,,,,,,,,,,,83.0,71.0,4.0,4.0
UT03403,Utah Bureau of Forensic Services/Department of Public Safety,Southern Laboratory,UT,West,State,3.0,374.0,342.0,,1.0,0.0,1.0,0.0,Yes,No,Yes,198.0,192.0,6.0,0.0,,,,,,,,,,,,,,,,,,,,,,,,,,,,,,,,,,
VA02407,Prince William County Police,Forensic Services Bureau,VA,South,County,2.0,,,,11.0,2.0,14.0,0.0,Yes,Yes,Yes,,,,,,,,,,,,,,,,,,,,,,,,,,,,,,,,,,,,,,
VA03410,Virginia Department of Forensic Science,Central Laboratory,VA,South,State,3.0,80423.0,69955.0,5358.0,312.0,24.0,316.0,28.0,Yes,Yes,Yes,29584.0,38964.0,2065.0,465.0,10765.0,10716.0,1540.0,761.0,707.0,658.0,136.0,92.0,36.0,44.0,23.0,19.0,7910.0,6539.0,2688.0,2048.0,177.0,263.0,66.0,60.0,2301.0,2372.0,681.0,525.0,,,,,,,6137.0,6193.0,1875.0,1387.0
VA04406,Federal Bureau of Investigation,Crime Laboratory,VA,South,Federal,4.0,5166.0,4500.0,3419.0,691.0,3.0,661.0,3.0,Yes,Yes,Yes,114.0,108.0,15.0,9.0,309.0,198.0,187.0,175.0,629.0,775.0,597.0,569.0,52.0,50.0,44.0,40.0,772.0,551.0,615.0,564.0,,,,,1286.0,1325.0,268.0,198.0,337.0,399.0,65.0,40.0,,,1730.0,1790.0,351.0,239.0
VA04408,Bureau of Customs and Border Protection,Springfield Research Laboratory,VA,South,Federal,4.0,186.0,339.0,,11.0,0.0,11.0,0.0,Yes,Yes,Yes,339.0,352.0,0.0,0.0,,,,,,,,,,,,,,,,,,,,,,,,,,,,,,,,,,
VA04409,US Postal Inspection Service,Forensic Laboratory Services,VA,South,Federal,4.0,3812.0,4344.0,441.0,52.0,0.0,51.0,0.0,Yes,Yes,Yes,605.0,692.0,108.0,75.0,,,,,184.0,190.0,55.0,32.0,,,,,,,,,1264.0,1255.0,154.0,74.0,1460.0,1473.0,345.0,242.0,96.0,101.0,25.0,18.0,,,,,,
VT03414,Vermont Laboratory,Forensic Laboratory,VT,Northeast,State,3.0,2752.0,2823.0,1165.0,25.0,0.0,26.0,0.0,Yes,Yes,Yes,734.0,724.0,729.0,611.0,712.0,700.0,12.0,0.0,,,,,,,,,99.0,99.0,15.0,15.0,,,,,,,,,,,,,,,608.0,752.0,180.0,175.0
WA02423,Washington State Patrol,Crime Laboratory Division,WA,West,State,3.0,32418.0,27158.0,11880.0,167.0,3.0,167.0,3.0,Yes,Yes,Yes,10787.0,10547.0,1564.0,844.0,,,,,204.0,175.0,56.0,48.0,36.0,38.0,5.0,3.0,2802.0,2439.0,883.0,779.0,,,,,1735.0,1924.0,201.0,92.0,38.0,46.0,4.0,4.0,227.0,223.0,6718.0,4013.0,6742.0,6401.0
WA09600,Tacoma Police Department Washington,"Tacoma Police Department, Washington",WA,West,City,1.0,3749.0,2698.0,12.0,13.0,0.0,13.0,0.0,Yes,Yes,Yes,,,,,,,,,,,,,,,,,,,,,,,,,678.0,666.0,12.0,12.0,,,,,2019.0,2019.0,,,,
WI02422,Kenosha County Division of Health,Kenosha Division of Health Laboratory,WI,Midwest,County,2.0,390.0,395.0,134.0,3.0,0.0,4.0,2.0,Yes,Yes,Yes,0.0,117.0,0.0,0.0,0.0,305.0,0.0,0.0,,,,,,,,,,,,,,,,,,,,,,,,,,,,,,
WI11520,Wisconsin Department of Justice,Division of Forensic Sciences,WI,Midwest,State,3.0,10613.0,8985.0,,187.0,3.0,167.0,2.0,Yes,Yes,Yes,3813.0,3675.0,405.0,0.0,3972.0,3829.0,443.0,0.0,145.0,133.0,29.0,0.0,21.0,18.0,9.0,0.0,474.0,423.0,227.0,0.0,86.0,77.0,13.0,0.0,941.0,870.0,166.0,0.0,,,,,104.0,92.0,3820.0,3144.0,1232.0,0.0
WV03427,West Virginia State Police,Forensic Laboratory,WV,South,State,3.0,6047.0,6388.0,,49.0,1.0,62.0,1.0,Yes,Yes,Yes,2232.0,2411.0,289.0,150.0,1213.0,1524.0,359.0,200.0,262.0,269.0,6.0,0.0,2.0,2.0,0.0,0.0,191.0,193.0,53.0,45.0,,,,,1042.0,1031.0,35.0,15.0,,,,,,,1448.0,1354.0,563.0,450.0
WY03428,State of Wyoming,Wyoming State Crime Laboratory,WY,West,State,3.0,7491.0,7696.0,471.0,27.0,0.0,27.0,0.0,Yes,Yes,Yes,2368.0,2175.0,548.0,378.0,3102.0,3881.0,136.0,17.0,,,,,6.0,6.0,2.0,1.0,73.0,82.0,12.0,7.0,,,,,231.0,287.0,36.0,24.0,,,,,19.0,19.0,856.0,967.0,84.0,39.0
